,id,price,bds,ba,sqft,sold_year,sold_month,sold_day,view_city,view_mountain,view_park,view_water,has_heating_info,has_cooling_info,has_pets_info,has_laundry_info,has_flooring_info,has_appliances_info,state,zip,type_Apartment,type_Condo,type_Cooperative,type_Multiple Occupancy,type_Single Family,type_Townhouse,Off-street,Covered Parking,Garage - Attached,Garage,None,Covered,Garage - Detached,0 spaces,Carport,On-street,building_age
0,"['515', 'Park', 'Ave', 'APT', '6A']",5450000,3,4,2520,2020,12,24,0,0,1,0,1,0,0,0,0,0,NY,10022,0,1,0,0,0,0,0,0,0,0,0,1,0,0,0,0,22
1,"['121', 'Morton', 'St', '2A']",1430000,2,2,890,2020,12,18,1,0,1,1,1,1,0,0,1,1,NY,10014,0,1,0,0,0,0,0,0,0,0,0,1,0,0,0,1,60
2,"['152', 'W', '58th', 'St']",2380000,2,2,1450,2020,12,17,1,0,1,0,1,1,0,0,0,1,NY,10019,0,1,0,0,0,0,0,0,0,0,0,0,0,1,0,0,104
3,"['253', '263', 'W', '73rd', 'St', '17G']",1300000,3,2,1039,2020,12,8,1,0,1,0,0,0,0,0,0,0,NY,10023,0,1,0,0,0,0,0,0,0,0,0,0,0,1,0,0,95
4,"['233', 'E', '86th', 'St']",1100000,1,1,57745,2020,12,1,1,0,1,1,1,1,0,0,0,1,NY,10028,1,0,0,0,0,0,0,0,0,0,0,0,0,0,0,1,33
5,"['860', '5th', 'Ave']",275000,2,3,1700,2020,11,30,0,0,1,0,1,1,0,0,0,1,NY,10065,0,1,0,0,0,0,0,0,1,1,0,1,1,0,1,0,70
6,"['45', 'Tudor', 'City', 'Pl']",295000,1,2,350,2020,11,25,0,0,1,1,0,1,0,0,0,1,NY,10017,0,0,0,1,0,0,0,0,0,0,0,0,0,1,0,0,91
7,"['505', 'W', '19th', 'St', 'APT', '8W']",6350000,3,4,2996,2020,11,23,1,0,1,0,0,1,0,0,0,1,NY,10011,0,1,0,0,0,0,0,0,0,0,0,1,0,0,0,0,5
8,"['2250', 'Broadway', 'APT', '16A']",1650000,2,2,1086,2020,11,18,1,0,1,0,0,0,0,0,0,1,NY,10024,0,1,0,0,0,0,0,0,0,0,0,1,0,0,0,0,33
9,"['140', '144', 'W', '74th', 'St']",702500,3,3,1650,2020,11,17,1,0,1,0,0,0,0,0,1,0,NY,10023,0,1,0,0,0,0,0,0,0,0,0,0,0,0,0,1,110
10,"['15', 'W', '53rd', 'St', '50E']",1400000,1,2,1187,2020,11,9,1,0,1,0,0,1,0,0,0,1,NY,10019,0,1,0,0,0,0,0,0,0,0,0,0,0,1,0,0,38
11,"['750', 'Park', 'Ave', 'APT', '8A']",926170,1,1,750,2020,11,6,1,0,1,0,0,0,0,0,0,1,NY,10021,0,1,0,0,0,0,0,0,0,0,0,1,0,0,0,0,69
12,"['2000', 'Broadway', 'APT', '8E']",1860000,2,2,1314,2020,11,6,1,0,1,0,0,1,0,0,0,1,NY,10023,0,1,0,0,0,0,0,0,1,0,0,0,0,0,0,0,33
13,"['313', 'W', '121st', 'St']",1100000,2,2,1033,2020,11,5,1,0,1,0,0,1,0,0,0,1,NY,10027,0,1,0,0,0,0,0,0,0,0,0,0,0,1,0,0,1
14,"['65', 'Central', 'Park', 'W', 'APT', '1', 'E']",1980000,2,2,1600,2020,11,4,0,0,1,0,0,1,0,0,0,1,NY,10023,0,1,0,0,0,0,0,0,0,0,0,0,0,1,0,0,91
15,"['49', 'E', '86th', 'St', 'APT', '15B']",1450000,2,2,86553,2020,11,4,1,0,1,0,0,0,0,0,0,1,NY,10028,0,1,0,0,0,0,0,0,0,0,0,1,0,0,0,0,90
16,"['421', 'Hudson', 'St', 'APT', '309']",2340000,3,2,1500,2020,11,2,1,0,1,0,1,1,0,0,0,1,NY,10014,0,1,0,0,0,0,0,0,1,0,0,0,0,0,0,0,100
17,"['639', 'W', 'End', 'Ave']",1740000,2,2,1300,2020,11,2,1,0,1,1,0,0,0,0,0,1,NY,10025,0,1,0,0,0,0,0,0,0,0,0,0,0,0,0,1,93
18,"['25', 'Central', 'Park', 'W', 'APT', '18T']",2300000,2,2,1250,2020,10,30,1,0,1,0,1,0,0,0,0,1,NY,10023,0,1,0,0,0,0,0,0,0,0,0,1,0,0,0,0,88
19,"['45', 'W', '67th', 'St', 'APT', '19A']",2250000,2,2,1127,2020,10,30,1,0,1,0,0,1,0,0,0,1,NY,10023,0,0,0,1,0,0,0,0,0,0,1,1,0,0,0,0,37
20,"['245', 'E', '93rd', 'St', 'APT', '18E']",1570000,2,3,1262,2020,10,29,1,0,1,0,0,0,0,0,0,1,NY,10128,0,1,0,0,0,0,0,0,0,0,0,1,0,0,0,0,35
21,"['361', 'Manhattan', 'Ave', 'B']",1250000,2,2,1435,2020,10,23,0,0,1,0,0,0,0,0,0,1,NY,10026,0,1,0,0,0,0,0,0,0,0,0,1,0,0,0,0,133
22,"['188', 'E', '70th', 'St', 'APT', '26B']",2450000,2,3,1430,2020,10,22,0,0,1,0,0,1,0,0,0,1,NY,10021,0,1,0,0,0,0,0,0,0,0,0,0,0,1,0,0,34
23,"['250', 'S', 'End', 'Ave', 'APT', '3D']",605000,1,1,782,2020,10,19,1,0,1,0,1,1,0,0,0,1,NY,10280,0,1,0,0,0,0,0,0,1,0,0,0,0,0,0,0,35
24,"['143', 'Avenue', 'B', 'APT', '5A']",1500000,1,1,993,2020,10,16,1,0,1,0,0,0,0,0,0,0,NY,10009,0,1,0,0,0,0,0,0,0,0,0,0,0,1,0,0,92
25,"['400', 'Central', 'Park', 'W', 'APT', '10N']",1250000,1,1,887,2020,10,15,1,0,1,0,0,0,0,0,0,0,NY,10025,0,1,0,0,0,0,0,0,0,0,0,1,0,0,0,0,59
26,"['11', 'Riverside', 'Dr']",800000,2,2,689522,2020,10,9,0,0,1,0,1,1,0,0,0,1,NY,10023,0,1,0,0,0,0,0,0,1,0,0,0,1,0,1,0,69
27,"['157', 'W', '57th', 'St', 'APT', '38F']",8540000,3,4,2416,2020,10,9,1,0,1,1,0,1,0,0,0,1,NY,10019,0,1,0,0,0,0,0,0,0,0,0,0,0,1,0,0,7
28,"['10', 'Little', 'West', 'St', 'APT', '16D']",1030000,1,2,807,2020,9,17,1,0,1,1,0,0,0,0,0,1,NY,10004,0,1,0,0,0,0,1,0,0,0,0,0,1,0,0,0,17
29,"['351', 'W', '120th', 'St']",3950000,6,7,4800,2020,9,16,1,0,1,0,1,1,0,0,0,1,NY,10027,0,0,0,0,0,1,0,0,0,0,0,0,1,0,0,0,121
30,"['100', 'Overlook', 'Ter', 'APT', '72']",499000,1,1,740,2020,9,11,1,0,1,0,0,0,0,0,1,1,NY,10040,0,1,0,0,0,0,0,0,1,0,0,1,0,0,0,1,57
31,"['700', 'Park', 'Ave']",1650000,5,5,4000,2020,9,9,0,0,1,0,0,0,0,0,0,1,NY,10021,0,0,0,1,0,0,0,0,1,1,0,1,0,0,0,0,61
32,"['201', 'W', '70th', 'St', 'APT', '35K']",1760000,2,2,1100,2020,8,20,1,0,1,1,1,1,0,0,1,1,NY,10023,0,1,0,0,0,0,0,0,1,0,0,0,0,0,0,0,49
33,"['167', 'Perry', 'St', 'APT', '3N']",1160000,1,1,800,2020,8,20,0,0,1,1,1,0,0,0,0,1,NY,10014,0,1,0,0,0,0,0,0,0,0,0,1,0,0,0,0,33
34,"['285', 'Riverside', 'Dr', 'APT', '7C']",2400000,3,3,1900,2020,8,20,0,0,1,1,0,0,0,0,0,1,NY,10025,0,1,0,0,0,0,0,0,0,0,0,1,0,0,0,0,80
35,"['322', 'Central', 'Park', 'W', '4C']",2350000,2,3,120112,2020,8,19,0,0,1,0,0,0,0,0,0,1,NY,10025,0,1,0,0,0,0,0,0,0,0,0,1,0,0,0,0,94
36,"['15', 'W', '53rd', 'St', '26A']",3500000,2,3,2248,2020,8,12,0,0,1,0,0,0,0,0,0,1,NY,10019,0,1,0,0,0,0,0,0,0,0,0,0,0,1,0,0,38
37,"['240', 'Riverside', 'Blvd', '10N', 'T']",850000,1,1,1059,2020,8,6,1,0,1,0,0,1,0,0,0,1,NY,10069,0,1,0,0,0,0,0,0,0,0,0,0,0,1,0,0,16
38,"['641', '5th', 'Ave', '29C']",1950000,2,2,1300,2020,7,29,1,0,1,0,0,0,0,0,0,1,NY,10022,0,1,0,0,0,0,0,0,0,0,0,1,0,0,0,0,45
39,"['300', 'E', '74th', 'St', 'APT', '36C']",1380000,1,2,1000,2020,7,28,0,0,1,0,0,0,0,0,0,1,NY,10021,0,1,0,0,0,0,0,0,1,0,0,1,0,0,0,0,54
40,"['7', 'Lexington', 'Ave']",650000,1,1,600,2020,7,20,0,0,1,0,0,0,0,0,0,1,NY,10010,0,1,0,0,0,0,0,0,0,0,0,0,0,1,0,0,72
41,"['330', 'W', '72nd', 'St']",5000000,3,2,100056,2020,7,16,0,0,1,0,0,0,0,0,0,0,NY,10023,0,1,0,0,0,0,0,0,0,0,0,0,0,1,0,0,93
42,"['214', '217', 'Riverside', 'Dr']",396500,1,1,600,2020,7,10,1,0,1,1,1,1,0,0,0,0,NY,10025,0,1,0,0,0,0,0,0,0,0,1,0,0,0,0,0,118
43,"['370', 'Central', 'Park', 'W']",955000,2,2,84612,2020,7,9,0,0,1,0,1,1,0,0,0,1,NY,10025,0,1,0,0,0,0,0,0,0,0,0,0,0,1,0,0,103
44,"['161', 'W', '61st', 'St', 'APT', '34C']",1800000,2,2,1209,2020,7,7,1,0,1,1,0,1,0,0,0,1,NY,10023,0,1,0,0,0,0,0,0,0,0,0,0,0,1,0,0,32
45,"['200', 'Chambers', 'St', 'APT', '26E']",2850000,2,3,1345,2020,7,1,1,0,1,0,0,0,0,0,0,1,NY,10007,0,1,0,0,0,0,0,0,0,0,0,1,0,0,0,0,13
46,"['10', 'W', '66th', 'St', 'APT', '31D']",2310000,2,2,1700,2020,7,1,1,0,1,0,0,1,0,0,0,1,NY,10023,0,1,0,0,0,0,0,0,1,0,0,0,0,0,0,0,51
47,"['120', 'E', '87th', 'St', 'R24', 'A']",4050000,3,3,2100,2020,6,30,0,0,1,0,1,1,0,0,0,1,NY,10128,0,1,0,0,0,0,0,0,1,0,0,0,0,0,0,0,39
48,"['585', 'W', '214th', 'St', 'APT', '2B']",395000,1,1,750,2020,6,29,0,0,1,1,0,0,0,0,0,1,NY,10034,0,1,0,0,0,0,0,0,0,0,0,0,0,0,0,1,83
49,"['375', 'Riverside', 'Dr', 'APT', '4E']",1570000,3,2,1150,2020,6,25,1,0,1,0,0,0,0,0,0,1,NY,10025,0,1,0,0,0,0,0,0,0,0,0,0,0,1,0,0,99
50,"['39', 'N', 'Moore', 'St', 'APT', '4A']",3380000,3,3,2200,2020,6,23,0,0,1,0,0,0,0,0,0,1,NY,10013,0,1,0,0,0,0,0,0,0,0,0,1,0,0,0,0,111
51,"['159', 'W', '53rd', 'St', 'APT', '37G']",750000,1,1,650,2020,6,22,1,0,1,0,1,0,0,0,0,1,NY,10019,0,1,0,0,0,0,0,0,1,0,0,1,0,0,0,0,52
52,"['720', 'Fort', 'Washington', 'Ave', 'APT', 'X']",905000,3,2,1300,2020,6,4,1,0,1,0,0,0,0,0,1,1,NY,10040,0,1,0,0,0,0,0,0,0,0,0,0,0,0,0,1,81
53,"['900', 'Park', 'Ave', 'APT', '21E']",3000000,2,3,1288,2020,6,3,0,0,1,0,0,0,0,0,0,0,NY,10075,0,1,0,0,0,0,0,0,1,0,0,0,0,0,0,0,47
54,"['15', 'W', '72nd', 'St', 'APT', '19A']",2370000,3,2,1800,2020,6,2,1,0,1,0,0,0,0,0,0,1,NY,10023,0,1,0,0,0,0,0,0,0,0,0,1,0,0,0,0,56
55,"['200', 'E', '66th', 'St', 'APT', 'D1503']",2380000,2,2,1442,2020,5,12,1,0,1,0,0,0,0,0,0,1,NY,10065,0,1,0,0,0,0,0,0,0,0,0,1,0,0,0,0,69
56,"['200', 'E', '89th', 'St', 'APT', '44A']",1660000,2,2,1016,2020,5,5,1,0,1,0,0,0,0,0,0,1,NY,10128,0,1,0,0,0,0,0,0,1,0,0,0,0,0,0,0,33
57,"['79', 'Laight', 'St', '3B']",4200000,3,3,2490,2020,4,29,0,0,1,0,0,1,0,0,0,1,NY,10013,0,1,0,0,0,0,0,0,0,0,0,0,0,1,0,0,167
58,"['1601', '3rd', 'Ave', 'APT', '6F']",1500000,3,2,1157,2020,4,29,1,0,1,0,1,0,0,0,0,1,NY,10128,0,1,0,0,0,0,0,0,1,0,0,1,0,0,0,0,45
59,"['7', 'W', '96th', 'St', 'APT', '9E']",1070000,2,2,1100,2020,4,28,1,0,1,0,0,0,0,0,0,1,NY,10025,0,1,0,0,0,0,0,0,0,0,0,0,0,1,0,0,89
60,"['300', 'W', '110th', 'St', 'APT', '11H']",580000,1,1,589,2020,4,23,0,0,1,0,1,0,0,0,0,0,NY,10026,0,1,0,0,0,0,0,0,0,0,0,1,0,0,0,0,32
61,"['15', 'W', '53rd', 'St', '18F']",1550000,1,2,1204,2020,4,21,0,0,1,0,0,0,0,0,0,1,NY,10019,0,1,0,0,0,0,0,0,0,0,0,1,0,0,0,0,38
62,"['542', 'Laguardia', 'Pl', 'APT', '4B']",2620000,3,3,1400,2020,4,8,1,0,1,0,1,1,0,0,0,1,NY,10012,0,1,0,0,0,0,0,0,0,0,0,0,0,0,0,1,92
63,"['25', 'Indian', 'Rd', 'APT', '1C']",949000,3,2,1350,2020,3,31,0,0,1,1,0,0,0,0,0,1,NY,10034,0,1,0,0,0,0,0,0,0,0,0,1,0,0,0,0,67
64,"['1831', 'Madison', 'Ave', 'APT', '9C']",585000,1,1,900,2020,3,31,1,0,1,0,0,0,0,0,0,0,NY,10035,0,1,0,0,0,0,0,0,0,0,0,1,0,0,0,0,19
65,"['25', 'Indian', 'Rd', 'APT', '4C']",893807,3,2,1325,2020,3,30,0,0,1,0,0,0,0,0,0,1,NY,10034,0,1,0,0,0,0,0,0,0,0,0,0,1,0,0,0,67
66,"['1', 'Central', 'Park', 'W', '33G']",4950000,2,3,1763,2020,3,27,1,0,1,0,0,0,0,0,0,1,NY,10023,0,1,0,0,0,0,0,0,0,0,0,1,0,0,0,0,49
67,"['60', 'Riverside', 'Blvd', 'APT', '1506']",1730000,2,2,1071,2020,3,27,1,0,1,0,0,0,0,0,0,1,NY,10069,0,1,0,0,0,0,0,0,0,0,0,0,0,1,0,0,12
68,"['90', 'Park', 'Ter', 'E', 'APT', '7D']",400000,1,1,750,2020,3,23,0,0,1,1,0,0,0,0,0,1,NY,10034,0,1,0,0,0,0,0,0,0,0,0,1,0,0,0,0,71
69,"['377', 'Rector', 'Pl', 'APT', '3K']",754000,1,1,688,2020,3,10,1,0,1,1,0,1,0,0,0,1,NY,10280,0,1,0,0,0,0,0,0,0,0,0,1,0,0,0,0,35
70,"['200', 'Central', 'Park', '4I']",1300000,1,1,950,2020,3,6,0,0,1,0,0,1,0,0,0,1,NY,10019,0,1,0,0,0,0,0,0,0,0,0,0,0,1,0,0,57
71,"['330', 'E', '38th', 'St', 'APT', '37B']",1500000,1,2,971,2020,3,5,1,0,1,1,0,1,0,0,0,1,NY,10016,0,1,0,0,0,0,0,0,1,0,0,0,0,0,0,1,31
72,"['72', 'Reade', 'St', 'FL', '2']",5530000,4,5,3953,2020,2,28,1,0,1,0,0,0,0,0,0,1,NY,10007,0,1,0,0,0,0,0,0,0,0,0,1,0,0,0,0,105
73,"['417', 'Park', 'Ave', 'APT', '11W']",8400000,3,5,3110,2020,2,28,1,0,1,0,0,1,0,0,0,1,NY,10022,0,1,0,0,0,0,0,0,0,0,0,0,0,1,0,0,104
74,"['60', 'E', '55th', 'St', 'APT', '19B']",630000,1,1,528,2020,2,27,1,0,1,0,0,0,0,0,1,1,NY,10022,0,1,0,0,0,0,0,0,0,0,0,0,0,0,0,1,14
75,"['250', 'Manhattan', 'Ave', 'APT', '3A']",950000,2,2,843,2020,2,27,0,0,1,0,0,0,0,0,0,1,NY,10026,0,1,0,0,0,0,0,0,0,0,0,0,0,1,0,0,100
76,"['1779', 'Madison', 'Ave', 'APT', '402']",171500,1,1,535,2020,2,27,0,0,1,0,0,0,0,0,0,0,NY,10035,0,1,0,0,0,0,0,0,0,0,0,0,0,1,0,0,110
77,"['322', 'W', '57th', 'St', '34M1']",2380000,2,3,1355,2020,2,26,0,0,1,0,1,1,0,0,0,1,NY,10019,0,1,0,0,0,0,0,0,1,1,0,0,0,0,0,0,42
78,"['417', 'Park', 'Ave', 'APT', '3', 'W']",7480000,3,5,3597,2020,2,24,0,0,1,0,0,1,0,0,0,1,NY,10022,0,1,0,0,0,0,0,0,0,0,0,0,0,1,0,0,104
79,"['40', 'E', '94th', 'St', 'APT', '27B']",2450000,2,2,1300,2020,2,18,0,0,1,0,0,0,0,0,0,0,NY,10128,0,1,0,0,0,0,0,0,0,0,0,0,0,1,0,0,36
80,"['335', 'Greenwich', 'St', 'APT', '5A']",1850000,2,2,1600,2020,2,18,1,0,1,0,0,0,0,0,0,1,NY,10013,0,1,0,0,0,0,0,0,0,0,0,0,0,1,0,0,89
81,"['210', 'Central', 'Park', '10A']",2670000,2,2,1200,2020,2,18,1,0,1,0,0,1,0,0,0,1,NY,10019,0,1,0,0,0,0,0,0,0,0,0,1,0,0,0,0,52
82,"['140', 'Riverside', 'Dr', '10D']",955000,1,1,1050,2020,2,7,1,0,1,1,0,0,0,0,0,1,NY,10024,0,1,0,0,0,0,0,0,0,0,0,1,0,0,0,0,81
83,"['478', 'Central', 'Park', 'W', 'APT', '7A']",2300000,3,2,1521,2020,2,6,0,0,1,0,0,1,0,0,0,1,NY,10025,0,1,0,0,0,0,0,0,0,0,0,0,0,1,0,0,120
84,"['530', 'E', '76th', 'St', '36LIL']",4150000,3,4,3000,2020,2,5,0,0,1,1,0,0,0,0,0,1,NY,10021,0,1,0,0,0,0,0,0,0,0,0,1,0,0,0,0,34
85,"['151', 'E', '58th', 'St', 'APT', '47D']",9300000,3,4,2936,2020,2,5,0,0,1,1,0,1,0,0,0,1,NY,10022,0,1,0,0,0,0,0,0,0,0,0,0,0,1,0,0,17
86,"['900', 'Park', 'Ave', 'APT', '25E']",3350000,2,3,1300,2020,2,4,1,0,1,0,0,1,0,0,0,1,NY,10075,0,1,0,0,0,0,0,0,0,0,0,0,0,1,0,0,47
87,"['432', 'Park', 'Ave', 'APT', '62A']",22600000,3,5,4019,2020,2,3,0,0,1,0,0,0,0,0,0,1,NY,10022,0,1,0,0,0,0,0,0,0,0,0,1,0,0,0,0,5
88,"['301', 'W', '57th', 'St', 'APT', '3AA']",839000,1,1,567,2020,1,29,1,0,1,0,0,0,0,0,1,1,NY,10019,0,1,0,0,0,0,0,0,0,0,0,0,0,1,0,0,33
89,"['70', 'E', '10th', 'St', 'APT', '5S']",2330000,2,2,1500,2020,1,24,1,0,1,0,0,0,0,0,0,1,NY,10003,0,1,0,0,0,0,0,0,0,0,0,1,0,0,0,0,60
90,"['220', 'Riverside', 'Blvd', 'APT', '8V']",825000,1,1,707,2020,1,23,1,0,1,1,1,1,0,0,0,1,NY,10069,0,1,0,0,0,0,0,0,0,0,0,1,1,0,0,0,20
91,"['825', 'W', '179th', 'St', 'APT', '2C']",525000,3,1,43536,2020,1,23,0,0,1,0,0,0,0,0,0,0,NY,10033,0,1,0,0,0,0,0,0,0,0,0,0,0,1,0,0,90
92,"['225', 'W', '83rd', 'St', 'APT', '16D']",899000,1,1,696,2020,1,22,1,0,1,0,0,0,0,0,0,0,NY,10024,0,1,0,0,0,0,0,0,0,0,0,0,0,1,0,0,35
93,"['212', 'Warren', 'St', 'APT', '9A']",2130000,3,3,1441,2020,1,17,1,0,1,0,0,1,0,0,0,0,NY,10282,0,1,0,0,0,0,0,0,0,0,0,0,0,1,0,0,19
94,"['200', 'W', 'End', 'Ave', 'APT', '15F']",5080000,4,4,2847,2020,1,16,1,0,1,1,0,1,0,0,0,1,NY,10023,0,1,0,0,0,0,0,0,0,0,0,0,0,1,0,0,14
95,"['101', 'W', '79th', 'St', 'APT', '6D']",2350000,2,2,1214,2020,1,15,0,0,1,0,0,0,0,0,0,0,NY,10024,0,1,0,0,0,0,0,0,0,0,0,1,0,0,0,0,34
96,"['342', 'W', '21st', 'St', 'APT', '6B']",690000,1,1,650,2020,1,15,1,0,1,0,0,0,0,0,0,0,NY,10011,0,1,0,0,0,0,0,0,0,0,0,1,0,0,0,0,80
97,"['1725', 'York', 'Ave', 'APT', '7C']",999000,2,2,1025,2020,12,18,1,0,0,1,1,0,0,0,0,0,NY,10128,0,1,0,0,0,0,0,0,0,0,0,1,0,0,0,0,49
98,"['444', 'W', '19th', 'St', 'APT', '603']",995000,1,1,737,2020,12,16,1,0,0,1,0,1,0,0,0,1,NY,10011,0,1,0,0,0,0,0,0,1,0,0,1,0,0,0,0,16
99,"['245', 'E', '93rd', 'St', 'APT', '30A']",1180000,2,2,967,2020,12,9,1,0,0,1,0,1,0,0,0,1,NY,10128,0,1,0,0,0,0,0,0,0,0,0,1,0,0,0,0,35
100,"['630', '1st', 'Ave', 'APT', '15D']",1200000,1,2,1001,2020,12,7,0,0,0,1,0,0,0,0,0,1,NY,10016,0,1,0,0,0,0,0,0,1,0,0,1,0,0,0,0,35
101,"['80', 'Riverside', 'Blvd', 'APT', '21B']",2500000,3,3,1712,2020,12,3,1,0,0,1,0,1,0,0,0,1,NY,10069,0,1,0,0,0,0,0,0,1,0,0,1,0,0,0,0,14
102,"['245', 'E', '93rd', 'St', 'APT', '14J']",1120000,2,2,973,2020,12,2,0,0,0,1,0,1,0,0,0,1,NY,10128,0,1,0,0,0,0,0,0,1,0,0,1,0,0,0,0,35
103,"['123', 'Washington', 'St', 'APT', '51D']",1380000,2,2,1023,2020,11,30,1,0,0,1,0,1,0,0,0,1,NY,10006,0,1,0,0,0,0,0,0,0,0,0,0,0,1,0,0,10
104,"['212', 'Warren', 'St', 'APT', '16L']",4800000,5,5,2988,2020,11,27,1,0,0,1,0,1,0,0,0,1,NY,10282,0,1,0,0,0,0,0,0,0,0,1,1,0,0,0,0,19
105,"['88', 'Greenwich', 'St', 'APT', '516']",730000,1,1,608,2020,11,24,1,0,0,1,1,1,0,0,0,1,NY,10006,0,1,0,0,0,0,0,0,0,0,1,0,0,0,0,0,91
106,"['220', 'Riverside', 'Blvd', '31DT']",2980000,3,3,1915,2020,11,20,1,0,0,1,1,1,0,0,0,1,NY,10069,0,1,0,0,0,0,0,0,0,0,0,1,0,0,0,0,20
107,"['130', 'Barrow', 'St', 'APT', '317']",1620000,1,1,900,2020,11,19,1,0,0,1,0,0,0,0,1,1,NY,10014,0,1,0,0,0,0,0,0,0,0,0,0,0,1,0,0,89
108,"['645', 'W', 'End', 'Ave', 'APT', '7E']",1300000,2,2,1200,2020,11,18,0,0,0,1,0,0,0,0,1,1,NY,10025,0,1,0,0,0,0,0,0,0,0,0,0,0,0,0,1,107
109,"['100', 'W', '18th', 'St', 'APT', '3E']",1520000,1,2,871,2020,11,18,0,0,0,1,0,0,0,0,0,1,NY,10011,0,1,0,0,0,0,0,0,0,0,0,0,0,1,0,0,12
110,"['360', 'W', '22nd', 'St']",1720000,1,1,184677,2020,11,17,1,0,0,1,0,0,0,0,1,1,NY,10011,0,1,0,0,0,0,0,0,1,0,0,0,0,0,0,0,59
111,"['304', 'E', '65th', 'St', 'APT', '34C']",1600000,2,2,1000,2020,11,17,0,0,0,1,0,0,0,0,0,0,NY,10065,0,1,0,0,0,0,0,0,0,0,0,1,0,0,0,0,33
112,"['870', 'United', 'Nations', 'Plz']",2000000,4,5,443522,2020,11,17,1,0,0,1,0,1,0,0,0,1,NY,10017,0,1,0,0,0,0,0,0,0,0,0,0,0,1,0,0,54
113,"['350', 'W', '42nd', 'St', 'APT', '44H']",1220000,1,1,794,2020,11,16,1,0,0,1,1,1,0,0,0,1,NY,10036,0,1,0,0,0,0,0,0,1,0,0,0,0,0,0,0,16
114,"['460', 'E', '79th', 'St', 'APT', '18E']",1400000,2,2,1149,2020,11,16,1,0,0,1,0,0,0,0,0,1,NY,10075,0,1,0,0,0,0,0,0,0,0,0,1,0,0,0,0,63
115,"['205', 'W', 'End', 'Ave', 'APT', '22N']",1680000,2,2,566824,2020,11,9,1,0,0,1,0,0,0,0,0,1,NY,10023,0,1,0,0,0,0,0,0,0,0,0,0,0,1,0,0,58
116,"['345', 'W', '70th', 'St', 'APT', '6A']",1410000,2,2,1250,2020,11,6,1,0,0,1,0,0,0,0,1,1,NY,10023,0,1,0,0,0,0,0,0,0,0,0,0,0,0,0,1,110
117,"['860', '866', 'United', 'Nations', 'Plz']",2210000,4,4,3885,2020,11,5,1,0,0,1,0,0,0,0,0,1,NY,10017,0,1,0,0,0,0,0,0,1,0,0,0,0,0,0,0,54
118,"['645', 'W', 'End', 'Ave']",2510000,3,2,1300,2020,11,5,0,0,0,1,0,0,0,0,0,0,NY,10025,0,1,0,0,0,0,0,0,0,0,0,0,0,1,0,0,108
119,"['515', 'E', '72nd', 'St', 'APT', '27E']",1420000,2,2,976,2020,11,4,1,0,0,1,0,0,0,0,1,1,NY,10021,0,1,0,0,0,0,0,0,1,0,0,1,0,0,0,0,35
120,"['304', 'E', '65th', 'St', 'APT', '25C']",860000,1,1,770,2020,10,26,0,0,0,1,0,1,0,0,0,1,NY,10065,0,1,0,0,0,0,0,0,0,0,0,1,0,0,0,0,33
121,"['415', 'E', '52nd', 'St']",765000,2,2,1250,2020,10,23,1,0,0,1,1,1,0,0,1,1,NY,10022,0,1,0,0,0,0,0,0,1,1,0,1,0,0,0,0,64
122,"['20', 'West', 'St', 'APT', '34A']",545000,1,1,530,2020,10,22,0,0,0,1,0,1,0,0,0,1,NY,10004,0,1,0,0,0,0,0,0,0,0,0,1,0,0,0,0,90
123,"['99', 'Battery', 'Pl', 'APT', '14G']",1400000,2,2,1202,2020,10,14,1,0,0,1,0,0,0,0,0,1,NY,10280,0,1,0,0,0,0,0,0,0,0,0,1,0,0,0,0,32
124,"['330', 'E', '38th', 'St', 'APT', '35E']",1540000,2,2,1171,2020,10,14,1,0,0,1,0,0,0,0,0,1,NY,10016,0,1,0,0,0,0,0,0,1,0,0,1,0,0,0,0,31
125,"['150', 'Charles', 'St', 'APT', '8AN']",9500000,3,4,2957,2020,10,9,0,0,0,1,0,1,0,0,0,1,NY,10014,0,1,0,0,0,0,0,0,0,0,0,1,1,0,0,0,7
126,"['185', 'Park', 'Row']",1300000,1,1,800,2020,9,29,1,0,0,1,0,0,0,0,0,0,NY,10038,0,1,0,0,0,0,0,0,0,0,0,0,0,1,0,0,60
127,"['1601', '3rd', 'Ave', 'APT', '19D']",835000,2,1,814,2020,9,17,1,0,0,1,0,0,0,0,0,1,NY,10128,0,1,0,0,0,0,0,0,0,0,0,0,0,1,0,0,45
128,"['415', 'Main', 'St', 'APT', '10E']",757500,1,1,682,2020,9,16,0,0,0,1,0,1,0,0,0,1,NY,10044,0,1,0,0,0,0,0,0,0,0,0,1,0,0,0,0,13
129,"['200', 'Rector', 'Pl', 'APT', '21J']",695000,1,1,597,2020,9,3,1,0,0,1,1,0,0,0,0,1,NY,10280,0,1,0,0,0,0,0,0,0,0,0,1,0,0,0,0,33
130,"['10', 'W', 'End', 'Ave', 'APT', '21B']",1990000,2,2,1329,2020,9,2,1,0,0,1,0,1,0,0,0,1,NY,10023,0,1,0,0,0,0,0,0,0,0,0,1,0,0,0,0,13
131,"['377', 'Rector', 'Pl', 'APT', '8H']",700000,1,1,676,2020,8,27,1,0,0,1,0,0,0,0,1,1,NY,10280,0,1,0,0,0,0,0,0,0,0,0,0,1,0,0,1,35
132,"['635', 'W', '42nd', 'St', 'APT', '6G']",963888,1,1,758,2020,8,24,1,0,0,1,1,0,0,0,0,1,NY,10036,0,1,0,0,0,0,0,0,0,0,0,1,0,0,0,0,13
133,"['303', 'E', '33rd', 'St', 'APT', '8C']",1120000,2,1,1048,2020,8,21,1,0,0,1,1,1,0,0,0,1,NY,10016,0,1,0,0,0,0,0,0,1,0,0,0,0,0,0,0,10
134,"['351', 'E', '51st', 'St', 'APT', '15C']",2480000,3,3,1752,2020,8,20,0,0,0,1,0,0,0,0,0,1,NY,10022,0,1,0,0,0,0,0,0,0,0,0,1,0,0,0,0,20
135,"['524', 'E', '72nd', 'St', 'APT', '27C']",1440000,2,2,1090,2020,8,11,0,0,0,1,0,0,0,0,0,1,NY,10021,0,1,0,0,0,0,0,0,0,0,0,1,0,0,0,0,34
136,"['88', 'Greenwich', 'St', 'APT', '1808']",999000,1,1,950,2020,7,23,1,0,0,1,0,1,0,0,0,1,NY,10006,0,1,0,0,0,0,0,0,0,0,0,1,0,0,0,0,91
137,"['220', 'Riverside', 'Blvd', 'APT', '6L']",1980000,2,2,1454,2020,7,20,0,0,0,1,1,0,0,0,0,1,NY,10069,0,1,0,0,0,0,0,0,0,0,0,1,1,0,0,0,20
138,"['825', 'W', 'End', 'Ave', '8', 'D']",1700000,3,2,1687,2020,7,20,0,0,0,1,0,0,0,0,0,1,NY,10025,0,1,0,0,0,0,0,0,0,0,1,0,0,0,0,0,92
139,"['630', '1st', 'Ave', 'APT', '32E']",1050000,2,2,913,2020,7,17,1,0,0,1,0,0,0,0,0,1,NY,10016,0,1,0,0,0,0,0,0,1,0,0,1,0,0,0,0,36
140,"['55', 'Liberty', 'St', 'APT', '28C']",1270000,3,2,1750,2020,7,15,1,0,0,1,0,1,0,0,0,1,NY,10005,0,1,0,0,0,0,0,0,0,0,0,0,0,1,0,0,109
141,"['3115', 'Broadway', 'APT', '55']",385000,1,1,500,2020,7,14,0,0,0,1,0,1,0,0,0,1,NY,10027,0,0,0,1,0,0,0,0,0,0,0,0,0,1,0,0,100
142,"['755', '759', 'W', 'End', 'Ave']",1800000,3,3,1900,2020,7,10,0,0,0,1,0,0,0,0,0,1,NY,10025,0,1,0,0,0,0,0,0,0,0,1,0,0,0,0,0,95
143,"['300', 'W', '108th', 'St', 'APT', '14A']",2100000,2,2,1500,2020,7,1,0,0,0,1,0,0,0,0,0,1,NY,10025,0,1,0,0,0,0,0,0,0,0,0,0,0,1,0,0,96
144,"['100', 'Riverside', 'Blvd', 'APT', '3A']",2750000,3,5,1080,2020,6,29,1,0,0,1,0,1,0,0,0,1,NY,10069,0,1,0,0,0,0,0,0,0,0,0,0,0,1,0,0,12
145,"['635', 'W', '42nd', 'St', 'APT', '39B']",1480000,2,2,1064,2020,6,23,0,0,0,1,1,1,0,0,1,1,NY,10036,0,1,0,0,0,0,0,0,1,0,0,0,0,0,0,0,15
146,"['400', 'E', '70th', 'St', 'APT', '3701']",1680000,2,3,1308,2020,6,23,1,0,0,1,0,1,0,0,0,1,NY,10021,0,1,0,0,0,0,0,0,0,0,0,0,0,1,0,0,36
147,"['270', 'Broadway', '17DT']",2850000,2,2,1729,2020,6,8,1,0,0,1,0,0,0,0,0,1,NY,10007,0,1,0,0,0,0,0,0,0,0,0,1,0,0,0,0,90
148,"['117', 'Beekman', 'St', '7A']",2350000,3,2,1660,2020,6,3,1,0,0,1,0,0,0,0,0,1,NY,10038,0,1,0,0,0,0,0,0,0,0,0,1,0,0,0,0,37
149,"['111', 'Murray', 'St', '28B']",3900000,2,2,1581,2020,5,27,1,0,0,1,0,0,0,0,0,1,NY,10007,0,1,0,0,0,0,0,0,0,0,0,1,0,0,0,0,2
150,"['311', 'E', '38th', 'St', 'APT', '8B']",850000,1,1,639,2020,5,27,1,0,0,1,0,0,0,0,0,1,NY,10016,0,0,0,0,1,0,0,0,0,0,0,1,0,0,0,0,36
151,"['15', 'William', 'St', 'APT', '39E']",1730000,2,2,1300,2020,5,15,1,0,0,1,0,0,0,0,0,1,NY,10005,0,1,0,0,0,0,0,0,1,0,0,1,0,0,0,0,12
152,"['603', 'W', '148th', 'St', 'APT', '10B']",913000,2,2,1037,2020,5,12,1,0,0,1,0,1,0,0,1,1,NY,10031,0,1,0,0,0,0,0,0,0,0,1,0,0,0,0,0,13
153,"['220', 'Riverside', 'Blvd', 'APT', '14K']",1430000,1,2,1044,2020,5,8,1,0,0,1,1,1,0,0,1,1,NY,10069,0,1,0,0,0,0,0,0,1,0,0,1,0,0,0,0,18
154,"['300', 'E', '59th', 'St', 'APT', '1807']",1080000,1,2,1100,2020,4,28,1,0,0,1,0,0,0,0,1,1,NY,10022,0,0,0,0,1,0,0,0,1,0,0,0,0,0,0,0,49
155,"['201', 'E', '36th', 'St', 'APT', '19D']",1300000,2,1,1150,2020,4,27,1,0,0,1,0,0,0,0,0,1,NY,10016,0,1,0,0,0,0,0,0,0,0,0,1,0,0,0,0,57
156,"['240', 'E', '47th', 'St', 'APT', '39C']",1700000,2,3,1433,2020,4,23,1,0,0,1,0,1,0,0,1,0,NY,10017,0,1,0,0,0,0,0,0,1,0,0,0,0,0,0,0,38
157,"['100', '11th', 'Ave', 'APT', '19B']",4950000,3,4,2674,2020,4,10,1,0,0,1,0,1,0,0,0,1,NY,10011,0,1,0,0,0,0,0,0,0,0,0,1,0,0,0,0,13
158,"['340', 'E', '64th', 'St', 'APT', '21K']",1740000,2,3,1437,2020,3,31,0,0,0,1,0,0,0,0,0,1,NY,10065,0,1,0,0,0,0,0,0,0,0,0,1,0,0,0,0,55
159,"['555', 'W', '59th', 'St', 'APT', '22F']",2089999,2,2,1273,2020,3,23,1,0,0,1,0,0,0,0,0,1,NY,10019,0,1,0,0,0,0,0,0,0,0,0,1,0,0,0,0,13
160,"['530', 'E', '76th', 'St', 'APT', '9K']",870000,1,1,780,2020,3,20,0,0,0,1,0,0,0,0,0,0,NY,10021,0,1,0,0,0,0,0,0,0,0,0,1,0,0,0,0,34
161,"['70', 'Little', 'West', 'St', 'APT', '8E']",1950000,2,2,1488,2020,3,18,0,0,0,1,0,1,0,0,0,1,NY,10004,0,1,0,0,0,0,1,0,1,0,0,0,0,0,0,1,12
162,"['99', 'John', 'St', 'APT', '1903']",1680000,2,2,1243,2020,3,16,1,0,0,1,1,1,0,0,0,1,NY,10038,0,0,0,1,0,0,0,0,0,0,0,0,1,0,0,0,17
163,"['15', 'William', 'St', 'APT', '25E']",1680000,2,2,1300,2020,3,16,1,0,0,1,1,0,0,0,0,1,NY,10005,0,1,0,0,0,0,0,0,0,0,0,1,0,0,0,0,12
164,"['969', 'Park', 'Ave', '2A']",2350000,3,4,128635,2020,3,16,0,0,0,1,0,1,0,0,0,1,NY,10028,0,1,0,0,0,0,0,0,0,0,0,1,0,0,0,0,109
165,"['418', 'E', '59th', 'St', 'APT', '28A']",1320000,2,3,1400,2020,3,10,1,0,0,1,0,0,0,0,0,1,NY,10022,1,0,0,0,0,0,0,0,0,0,0,1,0,0,0,0,32
166,"['325', '5th', 'Ave', 'APT', '42F']",1950000,2,2,1221,2020,3,5,1,0,0,1,0,0,0,0,0,1,NY,10016,0,1,0,0,0,0,0,0,0,0,0,1,0,0,0,0,15
167,"['415', 'E', '37th', 'St', 'APT', '22J']",1070000,2,2,1085,2020,3,4,1,0,0,1,0,1,0,0,0,1,NY,10016,0,1,0,0,0,0,0,0,1,0,0,0,0,0,0,0,31
168,"['444', 'E', '57th', 'St', 'APT', '15B']",1050000,1,2,1010,2020,3,3,0,0,0,1,0,0,0,0,0,1,NY,10022,0,1,0,0,0,0,0,0,0,0,0,0,0,1,0,0,91
169,"['115', 'Cabrini', 'Blvd', 'APT', 'B', '21']",500000,1,1,733,2020,3,3,1,0,0,1,1,1,0,0,0,1,NY,10033,0,1,0,0,0,0,0,0,0,1,0,0,0,0,0,1,93
170,"['333', 'E', '43rd', 'St', 'APT', '516']",499000,1,1,625,2020,3,2,0,0,0,1,0,0,0,0,0,0,NY,10017,0,1,0,0,0,0,0,0,0,0,0,0,0,1,0,0,93
171,"['200', 'Rector', 'Pl', 'APT', '43D']",2080000,2,3,1546,2020,2,27,1,0,0,1,1,0,0,0,0,1,NY,10280,0,1,0,0,0,0,0,0,1,0,0,1,0,0,0,0,33
172,"['220', 'Riverside', 'Blvd', 'APT', '19L']",2300000,2,2,1484,2020,2,25,0,0,0,1,1,0,0,0,0,1,NY,10069,0,1,0,0,0,0,0,0,1,0,0,1,0,0,0,0,20
173,"['230', 'Riverside', 'Dr', 'APT', '10N']",875000,1,1,700,2020,2,20,1,0,0,1,1,1,0,0,0,1,NY,10025,0,0,0,1,0,0,0,0,0,0,0,1,0,0,0,0,89
174,"['240', 'E', '47th', 'St', 'APT', '16E']",1260000,2,2,1128,2020,2,19,1,0,0,1,0,0,0,0,0,1,NY,10017,0,1,0,0,0,0,0,0,1,0,0,1,0,0,0,0,38
175,"['3', 'Hanover', 'Sq', 'APT', '21A']",699000,1,1,800,2020,2,13,0,0,0,1,1,1,0,0,0,1,NY,10004,0,1,0,0,0,0,0,0,0,0,0,1,0,0,0,0,94
176,"['160', 'E', '26th', 'St', 'APT', '6G']",800000,1,2,1000,2020,2,13,1,0,0,1,1,1,0,0,0,1,NY,10010,0,1,0,0,0,0,0,0,0,1,0,1,0,0,0,1,95
177,"['35', 'Sutton', 'Pl', 'APT', '19D']",2000000,4,4,3300,2020,2,13,1,0,0,1,0,1,0,0,0,1,NY,10022,0,1,0,0,0,0,0,0,1,0,0,1,0,0,0,0,60
178,"['100', 'Riverside', 'Blvd', 'APT', '7N']",2000000,2,2,1350,2020,2,12,0,0,0,1,0,0,0,0,0,1,NY,10069,0,1,0,0,0,0,0,0,1,0,0,0,0,0,0,0,14
179,"['415', '423', 'E', '54th', 'St', '8F']",1260000,2,2,1178,2020,2,11,0,0,0,1,0,0,0,0,0,1,NY,10022,0,1,0,0,0,0,0,0,0,0,0,0,0,1,0,0,37
180,"['1', 'W', 'End', 'Ave', '22H']",1880000,1,2,919,2020,2,7,0,0,0,1,0,1,0,0,0,1,NY,10023,0,1,0,0,0,0,0,0,0,0,0,0,0,1,0,0,3
181,"['250', 'E', '54th', 'St', 'APT', '35D']",2250000,3,3,1647,2020,2,7,1,0,0,1,0,1,0,0,0,1,NY,10022,0,1,0,0,0,0,0,0,0,0,0,1,0,0,0,0,30
182,"['350', 'Albany', 'St', 'APT', '4A']",715000,1,2,839,2020,1,31,1,0,0,1,0,0,0,0,0,1,NY,10280,0,1,0,0,0,0,0,0,0,0,0,1,0,0,0,0,34
183,"['201', 'E', '79th', 'St', 'APT', '18H']",700000,1,1,1000,2020,1,30,0,0,0,1,0,1,0,0,0,1,NY,10075,0,1,0,0,0,0,0,0,1,0,0,1,0,0,0,0,57
184,"['92', 'Laight', 'St']",15800000,4,5,3944,2020,1,28,1,0,0,1,0,0,0,0,0,1,NY,10013,0,1,0,0,0,0,0,0,0,0,0,1,0,0,0,0,16
185,"['80', 'Riverside', 'Blvd', 'APT', '3P']",1550000,2,3,1381,2020,1,23,0,0,0,1,0,0,0,0,1,1,NY,10069,0,1,0,0,0,0,0,0,0,0,0,0,0,0,1,1,14
186,"['500', 'W', '43rd', 'St', 'APT', '27C']",860000,1,1,679,2020,1,21,1,0,0,1,0,0,0,0,0,1,NY,10036,0,1,0,0,0,0,0,0,0,0,0,0,0,0,0,1,32
187,"['1760', '2nd', 'Ave', 'APT', '19A']",880000,1,1,759,2020,1,17,1,0,0,1,0,0,0,0,0,1,NY,10128,0,1,0,0,0,0,0,0,0,0,0,1,0,0,0,0,18
188,"['530', 'E', '76th', 'St', 'APT', '16K']",947000,1,1,780,2020,1,17,0,0,0,1,0,0,0,0,0,1,NY,10021,0,1,0,0,0,0,0,0,0,0,0,1,0,0,0,0,34
189,"['635', 'W', '42nd', 'St', 'APT', '22D']",1550000,2,2,1025,2020,1,10,1,0,0,1,1,0,0,0,0,1,NY,10036,0,1,0,0,0,0,0,0,0,0,0,1,1,0,0,0,15
190,"['339', 'E', '58th', 'St', 'PENTHOUSE']",1520000,2,2,1200,2020,1,9,1,0,0,1,0,0,0,0,0,1,NY,10022,0,1,0,0,0,0,0,0,0,0,0,1,0,0,0,0,93
191,"['300', 'E', '93rd', 'St', 'APT', '32D']",1230000,2,2,1031,2020,1,7,1,0,0,1,1,1,0,0,0,1,NY,10128,0,1,0,0,0,0,0,0,0,0,1,0,0,0,0,0,33
192,"['2', 'S', 'End', 'Ave', 'APT', '7T']",539000,1,1,630,2020,1,3,0,0,0,1,1,0,0,0,0,1,NY,10280,0,1,0,0,0,0,0,0,1,0,0,1,0,0,0,0,30
193,"['419', 'E', '57th', 'St', 'APT', '5E']",772500,1,1,750,2020,1,3,1,0,0,1,0,0,0,0,1,1,NY,10022,0,1,0,0,0,0,0,0,0,0,0,0,0,1,0,0,93
194,"['555', 'W', '23rd', 'St', 'APT', 'N11C']",2000000,2,2,1251,2020,1,2,1,0,0,1,0,0,0,0,0,1,NY,10011,0,1,0,0,0,0,0,0,0,0,0,1,0,0,0,0,14
195,"['181', 'E', '65th', 'St', 'APT', '21B']",5400000,3,4,2250,2020,12,23,1,0,0,0,0,1,0,0,0,1,NY,10065,0,1,0,0,0,0,0,0,0,0,0,0,0,1,0,0,20
196,"['340', 'E', '64th', 'St', 'APT', '9K']",1600000,2,2,1437,2020,12,23,1,0,0,0,0,0,0,0,0,1,NY,10065,0,1,0,0,0,0,0,0,0,0,0,1,0,0,0,0,55
197,"['229', 'E', '2nd', 'St', 'APT', '6A']",1900000,2,2,2662,2020,12,22,1,0,0,0,1,1,0,0,0,1,NY,10009,0,1,0,0,0,0,0,0,0,0,0,0,0,0,0,1,11
198,"['220', '3rd', 'Ave', '3A']",999947,1,1,586,2020,12,21,1,0,0,0,0,0,0,0,1,1,NY,10003,0,1,0,0,0,0,0,0,0,0,0,0,0,1,0,0,119
199,"['99', 'John', 'St', 'APT', '1106']",1160000,1,1,680,2020,12,18,1,0,0,0,1,1,0,0,1,1,NY,10038,0,1,0,0,0,0,0,0,0,0,0,0,0,1,0,0,87
200,"['126', 'W', '73rd', 'St', 'APT', '10A']",655000,1,1,550,2020,12,17,1,0,0,0,0,0,0,0,1,1,NY,10023,0,1,0,0,0,0,0,0,0,0,0,0,0,1,0,0,105
201,"['100', 'Riverside', 'Blvd', 'APT', '23A']",1650000,2,2,1156,2020,12,17,1,0,0,0,0,1,0,0,0,1,NY,10069,0,1,0,0,0,0,0,0,1,0,0,1,0,0,0,0,14
202,"['15', 'Broad', 'St', 'APT', '1706']",1250000,2,1,1100,2020,12,16,1,0,0,0,0,0,0,0,0,1,NY,10005,0,1,0,0,0,0,0,0,0,0,0,0,0,1,0,0,106
203,"['535', 'Park', 'Ave', 'APT', '12', 'C']",2300000,2,2,1680,2020,12,15,1,0,0,0,0,0,0,0,0,1,NY,10065,0,0,0,0,1,0,0,0,0,0,0,0,0,1,0,0,110
204,"['115', '4th', 'Ave', 'APT', '6J']",2000000,2,2,1370,2020,12,15,1,0,0,0,1,1,0,0,0,1,NY,10003,0,1,0,0,0,0,0,0,0,0,0,1,0,0,0,0,115
205,"['440', 'E', '79th', 'St']",380000,1,1,1266,2020,12,15,1,0,0,0,0,0,0,0,0,1,NY,10075,0,1,0,0,0,0,0,0,1,1,0,1,0,0,0,0,64
206,"['56', 'Thomas', 'St', 'APT', '3']",2650000,2,2,1800,2020,12,14,1,0,0,0,0,1,0,0,0,1,NY,10013,0,1,0,0,0,0,0,0,0,0,0,0,0,1,0,0,100
207,"['40', 'Broad', 'St', 'APT', '16F']",999999,1,2,946,2020,12,14,1,0,0,0,0,1,0,0,0,1,NY,10004,0,1,0,0,0,0,0,0,1,0,0,0,0,0,0,0,38
208,"['15', 'William', 'St', 'APT', '8G']",837500,1,1,800,2020,12,14,1,0,0,0,0,1,0,0,0,1,NY,10005,0,1,0,0,0,0,0,0,0,0,0,1,0,0,0,0,12
209,"['11', 'E', '36th', 'St', 'SUITE', '606']",1200000,1,2,1130,2020,12,14,1,0,0,0,0,1,0,0,0,1,NY,10016,0,1,0,0,0,0,0,0,0,0,0,0,0,1,0,0,109
210,"['151', 'W', '74th', 'St']",795000,1,1,47551,2020,12,14,1,0,0,0,0,0,0,0,0,1,NY,10023,0,0,0,1,0,0,0,0,0,0,0,0,0,1,0,0,97
211,"['217', 'W', '14th', 'St', 'APT', '5R']",1650000,2,2,1300,2020,12,14,1,0,0,0,0,0,0,0,0,1,NY,10011,0,1,0,0,0,0,0,0,0,0,0,0,0,1,0,0,90
212,"['5', 'Riverside', 'Dr']",2350000,2,2,127782,2020,12,10,1,0,0,0,1,1,0,0,0,1,NY,10023,0,1,0,0,0,0,1,0,1,0,0,0,1,0,0,1,84
213,"['159', 'Madison', 'Ave', 'APT', '3B']",462500,2,1,750,2020,12,10,1,0,0,0,1,1,0,0,0,1,NY,10016,0,1,0,0,0,0,0,0,0,0,0,0,0,1,0,0,109
214,"['790', 'Riverside', 'Dr']",340000,4,3,2500,2020,12,9,1,0,0,0,0,1,0,0,0,1,NY,10032,0,1,0,0,0,0,0,0,0,0,0,1,0,0,0,1,110
215,"['455', 'E', '86th', 'St', 'APT', '24C']",1060000,1,2,907,2020,12,9,1,0,0,0,1,1,0,0,0,1,NY,10028,0,1,0,0,0,0,0,0,0,0,0,0,0,1,0,0,34
216,"['2', 'Columbus', 'Ave', 'APT', '36A']",3480000,3,4,2110,2020,12,7,1,0,0,0,0,0,0,0,0,1,NY,10023,0,1,0,0,0,0,0,0,0,0,0,0,0,1,0,0,22
217,"['171', 'W', '131st', 'St', 'APT', '518']",893272,1,1,700,2020,12,7,1,0,0,0,0,0,0,0,0,1,NY,10027,0,1,0,0,0,0,0,0,1,0,0,0,0,0,1,0,4
218,"['153', 'E', '57th', 'St']",443000,1,1,135841,2020,12,7,1,0,0,0,1,1,0,0,0,1,NY,10022,0,1,0,0,0,0,0,0,1,0,0,0,1,0,0,0,60
219,"['246', 'W', '17th', 'St', 'APT', '5A']",10,1,2,1018,2020,12,4,1,0,0,0,0,0,0,0,0,0,NY,10011,0,1,0,0,0,0,0,0,1,0,0,0,0,0,0,0,95
220,"['90', 'Park', 'Ter', 'E', 'APT', '6A']",360000,1,1,655,2020,12,4,1,0,0,0,0,0,0,0,1,1,NY,10034,0,1,0,0,0,0,0,0,0,0,0,0,0,0,0,1,71
221,"['425', 'E', '78th', 'St']",610000,1,1,700,2020,12,3,1,0,0,0,0,0,0,0,0,1,NY,10075,0,1,0,0,0,0,0,0,0,0,0,0,0,0,0,1,110
222,"['72', 'Horatio', 'St', 'APT', '3N']",2800000,1,2,1350,2020,12,3,1,0,0,0,0,1,0,0,0,1,NY,10014,0,1,0,0,0,0,0,0,0,0,0,0,0,1,0,0,120
223,"['333', 'E', '79th', 'St', 'APT', '8R']",579000,1,1,550,2020,12,2,1,0,0,0,0,0,0,0,0,0,NY,10075,0,1,0,0,0,0,0,0,1,0,0,0,0,0,0,0,59
224,"['720', 'Fort', 'Washington', 'Ave', 'APT', '1', 'S']",879000,2,2,1280,2020,12,1,1,0,0,0,0,0,0,0,0,1,NY,10040,0,1,0,0,0,0,1,0,0,0,0,0,0,0,0,0,81
225,"['70', 'Little', 'West', 'St', 'APT', '4B']",1650000,2,2,1311,2020,11,30,1,0,0,0,0,1,0,0,0,1,NY,10004,0,1,0,0,0,0,0,0,0,0,0,1,0,0,0,0,12
226,"['322', '324', 'W', '23rd', 'St', '7A']",1660000,4,4,3091,2020,11,30,1,0,0,0,0,0,0,0,0,1,NY,10011,0,1,0,0,0,0,0,0,0,0,0,0,0,1,0,0,30
227,"['105', 'W', '73rd', 'St', 'APT', '3C']",1350000,2,1,1350,2020,11,30,1,0,0,0,0,0,0,0,0,1,NY,10023,0,1,0,0,0,0,0,0,0,0,0,1,0,0,0,0,100
228,"['25', 'Murray', 'St', 'APT', '3K']",1480000,1,2,1395,2020,11,27,1,0,0,0,0,1,0,0,1,1,NY,10007,0,1,0,0,0,0,0,0,1,0,0,0,0,0,0,0,90
229,"['46', 'W', '95th', 'St']",1700000,5,4,39941,2020,11,25,1,0,0,0,0,0,0,0,0,0,NY,10025,0,1,0,0,0,0,0,0,0,0,0,0,0,1,0,0,97
230,"['25', 'W', '54th', 'St']",900000,2,3,72845,2020,11,24,1,0,0,0,0,0,0,0,0,0,NY,10019,0,1,0,0,0,0,0,0,0,0,0,0,0,1,0,0,81
231,"['23', 'W', '116th', 'St', 'APT', '10', 'A']",1650000,3,2,1491,2020,11,24,1,0,0,0,0,1,0,0,1,1,NY,10026,0,1,0,0,0,0,0,0,1,0,0,0,0,0,0,0,6
232,"['263', 'W', 'End', 'Ave', 'APT', '13E']",649000,1,1,172671,2020,11,24,1,0,0,0,0,0,0,0,0,1,NY,10023,0,1,0,0,0,0,0,0,0,0,0,1,0,0,0,0,95
233,"['535', 'W', '110th', 'St', '5', 'F']",1800000,4,3,2750,2020,11,23,1,0,0,0,0,0,0,0,0,1,NY,10025,0,1,0,0,0,0,0,0,1,0,0,1,0,0,0,0,98
234,"['145', 'E', '48th', 'St', 'APT', '27G']",785000,1,1,650,2020,11,23,1,0,0,0,0,1,0,0,0,1,NY,10017,0,1,0,0,0,0,0,0,1,0,0,1,0,0,0,0,35
235,"['155', 'W', '11th', 'St', 'PENTHOUSE', '6W']",16000000,5,6,3740,2020,11,20,1,0,0,0,0,0,0,0,0,1,NY,10011,0,1,0,0,0,0,0,0,1,0,0,1,0,0,0,0,6
236,"['330', 'Spring', 'St', 'APT', '10A']",3100000,2,3,1722,2020,11,20,1,0,0,0,0,1,0,0,0,1,NY,10013,0,1,0,0,0,0,0,0,0,0,0,0,0,1,0,0,15
237,"['220', 'E', '67th', 'St', 'APT', '11H']",510000,1,1,770,2020,11,19,1,0,0,0,0,1,0,0,0,1,NY,10065,0,1,0,0,0,0,0,0,0,0,0,1,0,0,0,0,56
238,"['1349', 'Lexington', 'Ave']",1560000,3,2,112398,2020,11,18,1,0,0,0,1,0,0,0,0,0,NY,10128,0,1,0,0,0,0,0,0,0,0,0,0,0,1,0,0,98
239,"['245', 'E', '54th', 'St', 'APT', '23S']",615625,1,1,750,2020,11,18,1,0,0,0,0,0,0,0,1,1,NY,10022,0,1,0,0,0,0,0,0,0,0,0,0,0,1,0,0,43
240,"['150', 'E', '69th', 'St', 'APT', '12M']",995000,1,1,1000,2020,11,18,1,0,0,0,0,1,0,0,0,1,NY,10021,0,1,0,0,0,0,0,0,0,0,0,0,0,1,0,0,61
241,"['75', 'Park', 'Ter', 'E', 'APT', 'D50']",553000,2,1,975,2020,11,18,1,0,0,0,0,0,0,0,0,1,NY,10034,0,1,0,0,0,0,0,0,0,0,0,0,0,1,0,0,81
242,"['236', 'E', '81st', 'St', 'APT', 'PH1']",2000000,2,3,2000,2020,11,18,1,0,0,0,0,0,0,0,1,1,NY,10028,0,1,0,0,0,0,0,0,0,0,0,0,0,0,0,1,13
243,"['20', 'Sutton', 'Pl', 'S']",100000,2,2,155938,2020,11,17,1,0,0,0,0,0,0,0,0,0,NY,10022,0,1,0,0,0,0,0,0,0,0,0,0,0,1,0,0,65
244,"['132', 'E', '35th', 'St']",960000,2,3,1400,2020,11,17,1,0,0,0,0,0,0,0,1,0,NY,10016,0,1,0,0,0,0,0,0,1,1,0,1,0,0,0,0,51
245,"['305', 'E', '24th', 'St', 'APT', '5A']",645000,1,1,750,2020,11,17,1,0,0,0,0,1,0,0,0,1,NY,10010,0,1,0,0,0,0,0,0,1,0,0,0,0,0,0,0,56
246,"['300', 'E', '54th', 'St']",850000,1,1,300080,2020,11,17,1,0,0,0,0,0,0,0,0,0,NY,10022,0,1,0,0,0,0,0,0,1,1,0,1,0,0,0,0,43
247,"['555', 'W', '23rd', 'St', 'APT', 'N6N']",990000,1,1,750,2020,11,16,1,0,0,0,0,0,0,0,0,1,NY,10011,0,1,0,0,0,0,0,0,1,0,0,1,0,0,0,0,14
248,"['4', 'W', '21st', 'St', 'APT', '17B']",750000,1,1,725,2020,11,16,1,0,0,0,0,1,0,0,0,1,NY,10010,1,0,0,0,0,0,0,0,0,0,0,0,1,0,0,0,14
249,"['336', 'E', '77th', 'St', 'APT', '1']",995000,3,2,1243,2020,11,12,1,0,0,0,0,1,0,0,0,1,NY,10075,0,1,0,0,0,0,0,0,0,0,0,1,0,0,0,0,110
250,"['243', 'W', '60th', 'St', 'APT', '2F']",2300000,2,3,1711,2020,11,9,1,0,0,0,0,1,0,0,0,1,NY,10023,0,1,0,0,0,0,0,0,0,0,0,1,0,0,0,0,13
251,"['140', 'E', '19th', 'St']",9000000,5,5,5760,2020,11,6,1,0,0,0,0,1,0,0,0,1,NY,10003,0,0,0,0,0,1,0,0,0,0,0,0,0,1,0,0,110
252,"['30', 'W', '126th', 'St', 'APT', '1']",1200000,2,3,1469,2020,11,6,1,0,0,0,0,0,0,0,1,1,NY,10027,0,1,0,0,0,0,0,0,0,0,1,0,0,0,0,0,111
253,"['138', 'E', '36th', 'St', 'APT', '4B']",818000,2,1,1000,2020,11,6,1,0,0,0,0,0,0,0,0,1,NY,10016,0,1,0,0,0,0,0,0,0,0,0,0,0,1,0,0,104
254,"['101', 'W', '24th', 'St', 'APT', '17E']",2020000,2,2,1113,2020,11,5,1,0,0,0,1,1,0,0,0,1,NY,10011,0,1,0,0,0,0,0,0,0,0,0,1,0,0,0,0,14
255,"['255', 'W', '84th', 'St']",600000,2,2,147022,2020,11,4,1,0,0,0,0,0,0,0,0,0,NY,10024,0,1,0,0,0,0,0,0,0,0,0,0,0,1,0,0,106
256,"['399', 'E', '72nd', 'St', 'APT', '8D']",660000,1,1,750,2020,11,4,1,0,0,0,0,0,0,0,0,1,NY,10021,0,1,0,0,0,0,0,0,0,0,0,1,0,0,0,0,59
257,"['8', 'E', '12th', 'St', 'APT', '5']",2970000,3,3,2320,2020,11,4,1,0,0,0,0,1,0,0,0,1,NY,10003,0,1,0,0,0,0,0,0,0,0,0,0,0,1,0,0,112
258,"['153', 'Charles', 'St', '9']",2300000,2,2,1400,2020,11,4,1,0,0,0,0,1,0,0,0,1,NY,10014,0,1,0,0,0,0,0,0,0,0,0,1,0,0,0,0,45
259,"['23', '35', 'W', '73rd', 'St']",1600000,3,3,1389,2020,11,4,1,0,0,0,1,0,0,0,0,1,NY,10023,0,1,0,0,0,0,0,0,0,0,0,0,1,0,0,0,94
260,"['15', 'Broad', 'St', 'APT', '1414']",1800000,1,2,2028,2020,11,2,1,0,0,0,0,0,0,0,0,1,NY,10005,0,1,0,0,0,0,0,0,0,0,0,1,0,0,0,0,106
261,"['78', 'Charles', 'St', 'APT', '5W']",800000,1,1,800,2020,11,2,1,0,0,0,0,0,0,0,0,0,NY,10014,0,1,0,0,0,0,0,0,0,0,0,1,0,0,0,0,120
262,"['400', 'E', '56th', 'St']",925000,2,2,967300,2020,11,2,1,0,0,0,0,0,0,0,0,0,NY,10022,0,1,0,0,0,0,0,0,0,0,0,0,0,1,0,0,51
263,"['505', 'E', '83rd', 'St', '5A']",482000,1,1,650,2020,11,2,1,0,0,0,1,1,0,0,1,1,NY,10028,0,1,0,0,0,0,0,0,0,0,0,0,0,1,0,0,110
264,"['155', 'W', '68th', 'St', 'APT', '817']",965000,1,1,700,2020,10,30,1,0,0,0,1,1,0,0,0,1,NY,10023,0,0,0,1,0,0,0,0,1,0,0,0,0,0,0,0,55
265,"['3', 'Hanover', 'Sq', 'APT', '6D']",785000,1,1,900,2020,10,29,1,0,0,0,0,0,0,0,0,1,NY,10004,0,1,0,0,0,0,0,0,0,0,0,1,0,0,0,0,94
266,"['155', 'W', '20th', 'St', 'APT', '4G']",999000,1,1,850,2020,10,29,1,0,0,0,0,0,0,0,0,0,NY,10011,0,1,0,0,0,0,0,0,0,0,0,1,0,0,0,0,82
267,"['250', 'E', '53rd', 'St', 'APT', '705']",952000,1,1,763,2020,10,28,1,0,0,0,1,1,0,0,0,1,NY,10022,0,1,0,0,0,0,0,0,0,0,0,0,0,1,0,0,14
268,"['421', 'W', '54th', 'St', 'APT', '4D']",2500000,3,3,2378,2020,10,26,1,0,0,0,0,1,0,0,0,1,NY,10019,0,1,0,0,0,0,0,0,1,0,0,0,0,0,0,0,92
269,"['317', 'W', '89th', 'St', 'APT', '6E']",4330000,4,3,2670,2020,10,23,1,0,0,0,0,1,0,0,0,1,NY,10024,0,1,0,0,0,0,0,0,0,0,0,0,0,1,0,0,100
270,"['440', 'E', '56th', 'St', 'APT', '1G']",999999,1,1,900,2020,10,23,1,0,0,0,0,0,0,0,0,0,NY,10022,0,1,0,0,0,0,0,0,0,0,0,0,0,1,0,0,65
271,"['121', 'E', '38th', 'St']",5810000,6,7,6597,2020,10,22,1,0,0,0,1,1,0,0,1,1,NY,10016,0,0,0,1,0,0,0,0,0,0,0,0,0,1,0,0,157
272,"['402', 'E', '74th', 'St']",1840000,2,1,950,2020,10,21,1,0,0,0,0,0,0,0,0,0,NY,10021,0,1,0,0,0,0,0,0,0,0,0,0,0,0,0,1,83
273,"['320', 'W', '84th', 'St']",498000,1,1,500,2020,10,21,1,0,0,0,0,0,0,0,1,1,NY,10024,0,1,0,0,0,0,0,0,0,0,0,0,0,1,0,0,120
274,"['201', 'W', '70th', 'St', 'APT', '30G']",1090000,1,1,720,2020,10,21,1,0,0,0,1,1,0,0,0,1,NY,10023,0,1,0,0,0,0,0,0,0,0,0,0,0,1,0,0,49
275,"['319', 'E', '50th', 'St']",1050000,3,2,1500,2020,10,21,1,0,0,0,1,0,0,0,0,1,NY,10022,0,1,0,0,0,0,0,0,0,0,0,1,0,0,0,0,89
276,"['210', '216', 'E', '73rd', 'St']",515000,2,2,75133,2020,10,20,1,0,0,0,0,0,0,0,0,0,NY,10021,0,1,0,0,0,0,0,0,0,0,0,0,0,1,0,0,92
277,"['10', 'W', 'End', 'Ave', 'APT', '25B']",2060000,2,2,1329,2020,10,19,1,0,0,0,1,1,0,0,0,1,NY,10023,0,1,0,0,0,0,0,0,1,0,0,0,0,0,0,0,13
278,"['333', '337', 'E', '43rd', 'St']",515000,2,2,850,2020,10,16,1,0,0,0,0,0,0,0,1,1,NY,10017,0,1,0,0,0,0,0,0,0,0,0,0,0,0,0,1,91
279,"['333', 'E', '43rd', 'St', 'APT', '117']",515000,1,1,600,2020,10,16,1,0,0,0,0,1,0,0,0,0,NY,10017,0,1,0,0,0,0,0,0,0,0,0,1,0,0,0,0,92
280,"['555', 'W', '59th', 'St', 'APT', '32C']",2640000,2,2,1343,2020,10,15,1,0,0,0,0,0,0,0,0,1,NY,10019,0,1,0,0,0,0,0,0,0,0,0,1,0,0,0,0,13
281,"['200', 'Riverside', 'Blvd', 'APT', '12H']",965000,1,2,800,2020,10,15,1,0,0,0,0,0,0,0,0,0,NY,10069,0,1,0,0,0,0,0,0,0,0,0,1,0,0,0,0,23
282,"['199', 'Mott', 'St', 'APT', '4A']",2770000,2,2,1229,2020,10,15,1,0,0,0,0,1,0,0,0,1,NY,10012,0,1,0,0,0,0,0,0,0,0,0,0,0,1,0,0,5
283,"['453', 'W', '19th', 'St', 'APT', '4B']",739000,1,1,675,2020,10,14,1,0,0,0,0,0,0,0,0,1,NY,10011,0,1,0,0,0,0,0,0,0,0,0,1,0,0,0,0,37
284,"['115', 'Allen', 'St', 'APT', '3']",2350000,2,2,2011,2020,10,14,1,0,0,0,0,0,0,0,1,1,NY,10002,0,1,0,0,0,0,0,0,0,0,1,0,0,0,0,0,124
285,"['517', 'E', '11th', 'St', 'APT', '3']",1070000,2,2,1665,2020,10,14,1,0,0,0,0,0,0,0,0,1,NY,10009,0,1,0,0,0,0,0,0,0,0,0,0,0,1,0,0,120
286,"['310', '318', 'W', '99th', 'St']",94075,1,1,96318,2020,10,14,1,0,0,0,0,0,0,0,0,0,NY,10025,0,1,0,0,0,0,0,0,0,0,0,0,0,1,0,0,100
287,"['343', '349', 'E', '50th', 'St', '3E']",1290000,1,2,1232,2020,10,9,1,0,0,0,1,1,0,0,0,1,NY,10022,0,1,0,0,0,0,0,0,0,0,0,0,0,1,0,0,120
288,"['955', '959', 'Lexington', 'Ave']",1800000,2,2,54719,2020,10,8,1,0,0,0,0,0,0,0,0,0,NY,10021,0,1,0,0,0,0,0,0,0,0,0,0,0,1,0,0,96
289,"['555', 'W', '59th', 'St', 'APT', '11G']",1700000,2,2,1150,2020,10,8,1,0,0,0,0,0,0,0,0,1,NY,10019,0,1,0,0,0,0,0,0,1,0,0,1,0,0,0,0,13
290,"['309', 'E', '105th', 'St', 'APT', '5N']",465000,2,1,727,2020,10,8,1,0,0,0,0,0,0,0,1,1,NY,10029,0,1,0,0,0,0,0,0,0,0,0,1,0,0,0,0,120
291,"['245', 'E', '93rd', 'St', 'APT', '3E']",723000,1,1,772,2020,10,7,1,0,0,0,0,1,0,0,0,1,NY,10128,0,1,0,0,0,0,0,0,1,0,0,1,0,0,0,0,35
292,"['150', 'Charles', 'St', 'APT', '6CS']",4750000,2,3,1791,2020,10,7,1,0,0,0,1,1,0,0,0,1,NY,10014,0,1,0,0,0,0,0,0,0,0,0,1,1,0,0,0,7
293,"['400', 'E', '90th', 'St', 'APT', '9B']",680000,1,1,589,2020,10,7,1,0,0,0,0,0,0,0,0,0,NY,10128,0,1,0,0,0,0,0,0,0,0,0,1,0,0,0,0,19
294,"['380', 'Lenox', 'Ave', 'APT', '7A']",1500000,3,2,1700,2020,10,6,1,0,0,0,0,0,0,0,0,1,NY,10027,0,1,0,0,0,0,0,0,0,0,0,1,0,0,0,0,15
295,"['110', '3rd', 'Ave', 'APT', '7A']",1800000,2,2,1165,2020,10,5,1,0,0,0,0,0,0,0,0,1,NY,10003,0,1,0,0,0,0,0,0,0,0,0,1,0,0,0,0,14
296,"['181', 'E', '65th', 'St', 'APT', '23C']",2150000,2,2,1075,2020,10,1,1,0,0,0,0,0,0,0,0,1,NY,10065,0,1,0,0,0,0,0,0,0,0,0,0,0,1,0,0,20
297,"['250', 'E', '65th', 'St', 'APT', '7E']",1680000,3,3,1750,2020,10,1,1,0,0,0,0,1,0,0,0,1,NY,10065,0,1,0,0,0,0,0,0,0,0,0,1,0,0,0,0,57
298,"['2109', 'Broadway', '1477']",1030000,1,1,850,2020,9,29,1,0,0,0,0,0,0,0,1,1,NY,10023,0,0,0,1,0,0,0,0,0,0,0,0,1,0,0,0,118
299,"['201', 'E', '80th', 'St', 'APT', '6G']",1730000,2,3,1400,2020,9,29,1,0,0,0,0,0,0,0,0,1,NY,10075,0,1,0,0,0,0,0,0,0,0,0,1,0,0,0,0,83
300,"['301', 'W', '108th', 'St']",1620000,2,2,165106,2020,9,24,1,0,0,0,0,0,0,0,0,0,NY,10025,0,1,0,0,0,0,0,0,0,0,0,0,0,1,0,0,100
301,"['200', 'Central', 'Park', 'S', 'APT', '6N']",825000,1,1,1000,2020,9,23,1,0,0,0,0,0,0,0,0,1,NY,10019,0,1,0,0,0,0,0,0,0,0,0,0,0,1,0,0,57
302,"['313', 'W', '121st', 'St', '4']",1140000,2,2,1033,2020,9,22,1,0,0,0,0,1,0,0,0,1,NY,10027,0,1,0,0,0,0,0,0,0,0,0,1,0,0,0,0,1
303,"['400', 'E', '70th', 'St', 'APT', '902']",735000,1,1,620,2020,9,18,1,0,0,0,0,1,0,0,0,1,NY,10021,0,0,0,1,0,0,0,0,0,0,1,1,0,0,0,0,36
304,"['66', 'Leonard', 'St', '2D', '3D']",3000000,3,4,2338,2020,9,17,1,0,0,0,0,0,0,0,0,1,NY,10013,0,1,0,0,0,0,0,0,1,0,0,0,0,0,0,0,119
305,"['1150', 'Park', 'Ave', '19D']",2250000,2,3,166742,2020,9,16,1,0,0,0,0,0,0,0,0,1,NY,10128,0,1,0,0,0,0,0,0,0,0,0,1,0,0,0,0,81
306,"['250', 'E', '53rd', 'St', 'APT', '1904']",2400000,3,3,1922,2020,9,16,1,0,0,0,0,1,0,0,0,1,NY,10022,0,1,0,0,0,0,0,0,1,0,0,1,0,0,0,0,14
307,"['300', 'W', '135th', 'St', 'APT', '11B']",849000,2,2,1066,2020,9,15,1,0,0,0,1,1,0,0,0,1,NY,10030,0,1,0,0,0,0,0,0,0,0,0,0,0,1,0,0,15
308,"['1601', '3rd', 'Ave', 'APT', '13K']",1250000,3,2,1155,2020,9,15,1,0,0,0,1,1,0,0,0,1,NY,10128,0,1,0,0,0,0,0,0,0,0,0,0,0,1,0,0,45
309,"['18', 'Leroy', 'St']",4040000,1,1,3708,2020,9,14,1,0,0,0,0,0,0,0,0,0,NY,10014,0,0,0,0,1,0,0,0,0,0,0,0,0,1,0,0,116
310,"['2', 'Columbus', 'Ave', 'APT', '3D']",1110000,1,1,783,2020,9,11,1,0,0,0,0,0,0,0,0,1,NY,10023,0,1,0,0,0,0,0,0,1,0,0,0,0,0,0,0,22
311,"['185', 'W', 'End', 'Ave', 'APT', '26L']",778000,1,1,418374,2020,9,9,1,0,0,0,0,0,0,0,0,0,NY,10023,0,1,0,0,0,0,0,0,0,0,0,0,0,1,0,0,58
312,"['301', 'E', '78th', 'St', 'APT', '7E']",762500,2,1,900,2020,9,9,1,0,0,0,0,0,0,0,1,1,NY,10021,0,1,0,0,0,0,0,0,0,0,0,0,0,1,0,0,57
313,"['111', 'E', '85th', 'St', '14A']",897500,1,2,900,2020,9,9,1,0,0,0,0,0,0,0,0,1,NY,10028,0,1,0,0,0,0,0,0,0,0,0,0,0,1,0,0,49
314,"['151', 'Malcolm', 'X', 'Blvd', '2']",975000,2,2,1200,2020,9,8,1,0,0,0,1,1,0,0,1,1,NY,10026,0,1,0,0,0,0,0,0,0,0,1,0,0,0,0,0,5
315,"['15', 'William', 'St', 'APT', '25A']",1450000,2,2,1325,2020,9,4,1,0,0,0,1,0,0,0,0,1,NY,10005,0,1,0,0,0,0,0,0,1,0,0,1,0,0,0,0,12
316,"['250', 'E', '40th', 'St', 'APT', '31A']",795000,1,1,707,2020,9,4,1,0,0,0,0,1,0,0,0,1,NY,10016,0,1,0,0,0,0,0,0,0,0,0,1,0,0,0,0,32
317,"['510', 'E', '80th', 'St', 'APT', '3F']",885000,2,2,930,2020,9,4,1,0,0,0,0,1,0,0,0,1,NY,10075,0,1,0,0,0,0,0,0,1,0,0,0,0,0,0,1,34
318,"['23', 'Park', 'Ave']",1040000,3,3,24898,2020,9,3,1,0,0,0,0,0,0,0,0,0,NY,10016,0,1,0,0,0,0,0,0,0,0,0,0,0,1,0,0,129
319,"['416', 'W', '52nd', 'St', 'APT', '506']",6500,3,2,1386,2020,9,1,1,0,0,0,1,1,0,0,0,1,NY,10019,0,0,0,1,0,0,0,0,0,0,1,0,0,0,0,0,2
320,"['27', 'W', '72nd', 'St', '901']",1140000,1,1,731,2020,9,1,1,0,0,0,0,1,0,0,0,1,NY,10023,0,1,0,0,0,0,0,0,0,0,0,0,0,1,0,0,96
321,"['201', 'E', '17th', 'St', 'APT', '11C']",1260000,2,2,1078,2020,8,26,1,0,0,0,0,0,0,0,0,0,NY,10003,0,1,0,0,0,0,0,0,0,0,0,1,0,0,0,0,47
322,"['319', 'E', '50th', 'St', 'APT', '8G']",575000,1,1,900,2020,8,26,1,0,0,0,1,0,0,0,0,1,NY,10022,0,1,0,0,0,0,0,0,0,0,0,1,0,0,0,0,89
323,"['345', 'E', '52nd', 'St']",625000,1,1,93000,2020,8,26,1,0,0,0,0,0,0,0,0,0,NY,10022,0,1,0,0,0,0,0,0,1,1,0,1,0,0,0,0,61
324,"['227', '229', 'W', '11th', 'St']",625000,1,1,400,2020,8,25,1,0,0,0,0,0,0,0,0,0,NY,10014,0,1,0,0,0,0,0,0,0,0,0,0,0,0,0,1,105
325,"['345', 'E', '81st', 'St', 'APT', '14A']",912500,2,1,936,2020,8,25,1,0,0,0,0,0,0,0,0,1,NY,10028,0,1,0,0,0,0,0,0,0,0,0,1,0,0,0,0,57
326,"['2000', 'Broadway', 'APT', '6H']",1040000,1,1,758,2020,8,25,1,0,0,0,0,0,0,0,0,0,NY,10023,0,1,0,0,0,0,0,0,0,0,0,1,0,0,0,0,33
327,"['400', 'E', '77th', 'St', 'APT', '7E']",850000,2,1,950,2020,8,25,1,0,0,0,0,0,0,0,1,1,NY,10075,0,1,0,0,0,0,0,0,1,0,0,0,0,0,0,0,56
328,"['333', 'W', '22nd', 'St', 'APT', '5D']",1200000,1,2,1000,2020,8,25,1,0,0,0,0,0,0,0,1,1,NY,10011,0,1,0,0,0,0,0,0,0,0,0,0,0,1,0,0,110
329,"['317', '325', 'E', '57th', 'St']",2500000,2,3,92593,2020,8,25,1,0,0,0,0,0,0,0,1,1,NY,10022,0,1,0,0,0,0,0,0,0,0,0,0,0,1,0,0,91
330,"['220', 'E', '65th', 'St', 'APT', '9H']",1620000,2,2,1030,2020,8,24,1,0,0,0,0,1,0,0,0,1,NY,10065,0,1,0,0,0,0,0,0,0,0,0,0,0,1,0,0,42
331,"['209', 'E', '56th', 'St']",390000,3,2,87100,2020,8,21,1,0,0,0,0,0,0,0,0,0,NY,10022,0,1,0,0,0,0,0,0,0,0,0,0,0,1,0,0,61
332,"['360', 'W', '21st', 'St', 'APT', '4G']",720000,1,1,700,2020,8,21,1,0,0,0,0,0,0,0,0,1,NY,10011,0,1,0,0,0,0,0,0,0,0,0,0,0,1,0,0,80
333,"['200', 'E', '27th', 'St', 'APT', '8F']",1310000,2,2,1150,2020,8,21,1,0,0,0,1,1,0,0,0,1,NY,10016,0,1,0,0,0,0,0,0,1,0,0,0,0,0,0,0,55
334,"['71', '73', 'Nassau', 'St', '9B']",1110000,1,1,813,2020,8,20,1,0,0,0,0,1,0,0,0,1,NY,10038,0,0,0,0,1,0,0,0,0,0,0,0,0,1,0,0,114
335,"['345', 'W', '58th', 'St']",1780000,1,1,690,2020,8,20,1,0,0,0,1,1,0,0,0,1,NY,10019,0,1,0,0,0,0,0,0,1,1,0,1,0,0,0,0,63
336,"['95', 'Charles', 'St', 'APT', '5']",6950000,4,4,3000,2020,8,13,1,0,0,0,0,0,0,0,0,0,NY,10014,0,1,0,0,0,0,0,0,0,0,0,1,0,0,0,0,18
337,"['120', '2nd', 'Ave', 'APT', '4C']",545000,1,1,600,2020,8,13,1,0,0,0,0,0,0,0,0,1,NY,10003,0,1,0,0,0,0,0,0,0,0,0,0,0,1,0,0,100
338,"['450', 'W', '17th', 'St', 'APT', '2108']",2800000,2,2,1600,2020,8,13,1,0,0,0,0,1,0,0,0,1,NY,10011,0,0,0,1,0,0,0,0,0,0,0,1,1,0,0,0,14
339,"['220', 'Madison', 'Ave', 'APT', '6F']",810000,1,2,950,2020,8,12,1,0,0,0,0,0,0,0,1,1,NY,10016,0,1,0,0,0,0,0,0,0,0,0,1,0,0,0,0,79
340,"['410', 'W', '25th', 'St', 'APT', '2B']",750000,1,2,600,2020,8,11,1,0,0,0,0,0,0,0,0,0,NY,10001,0,1,0,0,0,0,0,0,0,0,0,0,0,1,0,0,110
341,"['263', 'W', 'End', 'Ave', 'APT', '17B']",1720000,1,2,1000,2020,8,10,1,0,0,0,0,1,0,0,0,0,NY,10023,0,1,0,0,0,0,0,0,0,0,0,0,0,1,0,0,91
342,"['85', 'Stanton', 'St', 'APT', '3A']",800000,2,1,725,2020,8,10,1,0,0,0,1,1,0,0,0,1,NY,10002,0,1,0,0,0,0,0,0,0,0,1,0,0,0,0,0,120
343,"['321', 'E', '45th', 'St', 'APT', '9', 'G']",548000,2,1,750,2020,8,5,1,0,0,0,0,0,0,0,0,1,NY,10017,0,1,0,0,0,0,0,0,0,0,0,1,0,0,0,0,60
344,"['320', 'W', '84th', 'St', 'APT', '1F']",498000,1,1,24941,2020,8,4,1,0,0,0,0,0,0,0,0,0,NY,10024,0,1,0,0,0,0,0,0,0,0,0,1,0,0,0,0,120
345,"['1438', '3rd', 'Ave', 'APT', '2B']",2550000,3,2,1846,2020,8,3,1,0,0,0,0,0,0,0,1,1,NY,10028,0,1,0,0,0,0,0,0,0,0,0,1,0,0,0,0,35
346,"['159', 'E', '30th', 'St', 'APT', '4C']",720000,2,1,816,2020,8,3,1,0,0,0,0,1,0,0,0,1,NY,10016,0,1,0,0,0,0,0,0,0,0,0,0,0,1,0,0,33
347,"['400', 'E', '67th', 'St', 'PENTHOUSE', '31']",9990000,3,5,4073,2020,7,31,1,0,0,0,0,1,0,0,0,1,NY,10065,0,1,0,0,0,0,0,0,0,0,0,0,0,1,0,0,15
348,"['201', 'W', '72nd', 'St', 'APT', '12M']",1150000,1,2,800,2020,7,31,1,0,0,0,0,0,0,0,0,1,NY,10023,0,1,0,0,0,0,0,0,0,0,0,1,0,0,0,0,30
349,"['45', 'Park', 'Ave', 'APT', '1503']",2200000,2,3,1440,2020,7,31,1,0,0,0,0,1,0,0,0,1,NY,10016,0,1,0,0,0,0,0,0,1,0,0,1,0,0,0,0,14
350,"['340', 'E', '64th', 'St', 'APT', '14R']",1280000,1,2,1277,2020,7,30,1,0,0,0,0,0,0,0,0,1,NY,10065,0,1,0,0,0,0,0,0,0,0,0,0,0,1,0,0,55
351,"['320', 'E', '57th', 'St', 'APT', '6A']",1100000,2,2,1200,2020,7,30,1,0,0,0,0,1,0,0,0,1,NY,10022,0,1,0,0,0,0,0,0,0,0,0,0,0,1,0,0,92
352,"['470', '472', 'W', '146th', 'St']",360000,4,1,600,2020,7,30,1,0,0,0,0,0,0,0,0,0,NY,10031,0,1,0,0,0,0,0,0,0,0,0,0,0,1,0,0,94
353,"['45', 'Greene', 'St', 'APT', '5']",3770000,2,2,2300,2020,7,30,1,0,0,0,0,0,0,0,0,1,NY,10013,0,1,0,0,0,0,0,0,0,0,0,0,0,1,0,0,100
354,"['225', '227', 'W', '60th', 'St', '12C']",1610000,2,2,1181,2020,7,29,1,0,0,0,1,1,0,0,0,0,NY,10023,0,1,0,0,0,0,0,0,0,0,0,0,0,1,0,0,15
355,"['525', 'E', '82nd', 'St', 'APT', '5E']",425000,1,1,700,2020,7,29,1,0,0,0,0,0,0,0,0,1,NY,10028,0,1,0,0,0,0,0,0,0,0,0,1,0,0,0,0,58
356,"['140', 'W', 'End', 'Ave', '21M']",775000,1,1,865,2020,7,29,1,0,0,0,1,0,0,0,0,0,NY,10023,0,1,0,0,0,0,0,0,0,0,0,1,0,0,0,0,56
357,"['200', 'E', '66th', 'St', 'APT', 'C1702']",1880000,2,2,1349,2020,7,28,1,0,0,0,0,0,0,0,0,0,NY,10065,0,1,0,0,0,0,0,0,0,0,0,1,0,0,0,0,69
358,"['35', '45', 'E', '9th', 'St']",1850000,2,1,98609,2020,7,28,1,0,0,0,1,1,0,0,0,1,NY,10003,0,1,0,0,0,0,0,0,0,0,0,0,0,1,0,0,96
359,"['199', 'Bowery', 'APT', '4A']",1170000,2,2,911,2020,7,28,1,0,0,0,0,1,0,0,0,1,NY,10002,0,0,0,1,0,0,0,0,0,0,1,1,0,0,0,0,20
360,"['80', 'Gold', 'St']",1220000,2,1,912,2020,7,27,1,0,0,0,0,0,0,0,1,0,NY,10038,0,1,0,0,0,0,0,0,0,1,0,1,1,0,0,0,51
361,"['400', 'Central', 'Park', 'W', 'APT', '15P']",2480000,2,2,1141,2020,7,27,1,0,0,0,0,0,0,0,0,1,NY,10025,0,1,0,0,0,0,0,0,0,0,0,1,0,0,0,0,59
362,"['92', 'Horatio', 'St', 'APT', '3I']",740000,1,1,600,2020,7,24,1,0,0,0,0,0,0,0,0,0,NY,10014,0,1,0,0,0,0,0,0,0,0,0,1,0,0,0,0,143
363,"['2628', 'Broadway', 'APT', '5B']",1820000,3,2,1725,2020,7,24,1,0,0,0,0,1,0,0,0,1,NY,10025,0,1,0,0,0,0,0,0,0,0,0,0,0,1,0,0,14
364,"['7', 'W', '96th', 'St']",1570000,3,3,100316,2020,7,24,1,0,0,0,0,0,0,0,0,0,NY,10025,0,1,0,0,0,0,0,0,0,0,0,0,0,1,0,0,89
365,"['142', 'E', '16th', 'St', 'APT', '2E']",738000,1,1,850,2020,7,23,1,0,0,0,0,0,0,0,0,1,NY,10003,0,1,0,0,0,0,0,0,0,0,0,1,0,0,0,0,57
366,"['120', 'E', '79th', 'St']",565000,2,2,77953,2020,7,22,1,0,0,0,0,0,0,0,0,1,NY,10075,0,1,0,0,0,0,0,0,0,0,0,0,0,1,0,0,73
367,"['160', 'W', '66th', 'St']",9000000,2,3,1315,2020,7,22,1,0,0,0,0,0,0,0,0,0,NY,10023,0,1,0,0,0,0,0,0,0,0,0,0,0,1,0,0,30
368,"['433', '441', 'W', '34th', 'St']",680000,1,1,700,2020,7,22,1,0,0,0,1,1,0,0,0,0,NY,10001,0,1,0,0,0,0,0,0,0,0,0,0,0,0,0,1,90
369,"['25', 'N', 'Moore', 'St', 'APT', '2C']",2600000,2,2,1354,2020,7,21,1,0,0,0,0,0,0,0,0,1,NY,10013,0,1,0,0,0,0,0,0,0,0,0,1,0,0,0,0,96
370,"['225', 'E', '74th', 'St', 'APT', '1E']",1650000,3,2,1350,2020,7,21,1,0,0,0,0,0,0,0,0,1,NY,10021,0,1,0,0,0,0,0,0,0,0,0,1,0,0,0,0,82
371,"['229', 'E', '79th', 'St']",715000,2,1,106905,2020,7,21,1,0,0,0,0,0,0,0,0,0,NY,10075,0,1,0,0,0,0,0,0,0,0,0,0,0,1,0,0,90
372,"['1438', '3rd', 'Ave', 'APT', '28A']",1620000,1,2,771,2020,7,16,1,0,0,0,0,0,0,0,0,1,NY,10028,0,1,0,0,0,0,0,0,0,0,0,1,0,0,0,0,38
373,"['426', 'W', '23rd', 'St', 'APT', '3F']",1200000,1,1,900,2020,7,15,1,0,0,0,0,0,0,0,0,1,NY,10011,0,0,0,1,0,0,0,0,0,0,0,0,0,1,0,0,120
374,"['330', 'E', '75th', 'St', 'APT', '8F']",898000,1,1,725,2020,7,15,1,0,0,0,0,1,0,0,0,1,NY,10021,0,0,0,1,0,0,0,0,0,0,1,0,0,0,0,0,35
375,"['1', 'Irving', 'Pl', 'APT', 'G8C']",3795,1,1,682,2020,7,15,1,0,0,0,0,0,0,0,0,1,NY,10003,0,0,0,1,0,0,0,0,1,0,0,0,0,0,0,0,33
376,"['288', 'Lexington', 'Ave', 'APT', '2B']",537500,1,1,640,2020,7,14,1,0,0,0,1,1,0,0,0,1,NY,10016,0,1,0,0,0,0,0,0,0,0,0,1,0,0,0,0,65
377,"['65', 'W', '95th', 'St', 'APT', '2B']",825000,1,1,850,2020,7,14,1,0,0,0,1,1,0,0,1,1,NY,10025,0,0,0,0,1,0,0,0,0,0,0,0,0,1,0,0,92
378,"['40', '5th', 'Ave', '4B']",2910000,2,2,1436,2020,7,14,1,0,0,0,0,1,0,0,0,1,NY,10011,0,1,0,0,0,0,0,0,0,0,0,1,0,0,0,0,91
379,"['160', 'E', '65th', 'St']",1450000,2,3,246320,2020,7,14,1,0,0,0,0,0,0,0,0,0,NY,10065,0,1,0,0,0,0,0,0,1,1,0,1,0,0,0,0,51
380,"['520', 'W', '28th', 'St', 'APT', '13']",3930000,2,3,1691,2020,7,14,1,0,0,0,1,1,0,0,0,1,NY,10001,0,0,0,1,0,0,1,0,1,0,0,1,0,0,0,0,4
381,"['305', '2nd', 'Ave', 'APT', '542']",3080000,3,3,2048,2020,7,13,1,0,0,0,0,1,0,0,0,1,NY,10003,0,1,0,0,0,0,0,0,0,0,0,0,0,1,0,0,117
382,"['240', '242', 'E', 'Houston', 'St', '5E']",1620000,2,2,1090,2020,7,9,1,0,0,0,1,1,0,0,0,1,NY,10002,0,1,0,0,0,0,0,0,0,0,0,0,0,1,0,0,100
383,"['322', 'W', '57th', 'St', 'APT', '21M1']",2020000,2,3,1355,2020,7,8,1,0,0,0,1,1,0,0,0,1,NY,10019,0,1,0,0,0,0,0,0,1,1,0,1,0,0,0,0,42
384,"['159', 'E', '30th', 'St', 'APT', '18B']",974000,3,2,1075,2020,7,8,1,0,0,0,0,0,0,0,1,1,NY,10016,0,0,0,1,0,0,0,0,0,0,1,1,0,0,0,0,34
385,"['7', 'Harrison', 'St', '3S']",4099999,3,3,2126,2020,7,7,1,0,0,0,0,1,0,0,0,1,NY,10013,0,1,0,0,0,0,0,0,0,0,0,1,0,0,0,0,120
386,"['345', 'E', '80th', 'St', 'APT', '17H']",780000,1,1,627,2020,7,6,1,0,0,0,0,0,0,0,0,0,NY,10075,0,1,0,0,0,0,0,0,0,0,0,1,0,0,0,0,47
387,"['319', 'E', '105th', 'St', 'APT', '4D']",500000,2,1,721,2020,7,2,1,0,0,0,1,1,0,0,1,1,NY,10029,0,1,0,0,0,0,0,0,0,0,0,0,0,0,0,1,70
388,"['255', '263', 'W', '23rd', 'St']",1050000,1,1,550,2020,7,2,1,0,0,0,0,0,0,0,0,0,NY,10011,0,1,0,0,0,0,0,0,0,0,0,0,0,1,0,0,80
389,"['350', 'W', '42nd', 'St', 'APT', '32B']",1530000,2,2,1250,2020,7,1,1,0,0,0,0,1,0,0,0,1,NY,10036,0,1,0,0,0,0,0,0,0,0,0,0,0,1,0,0,13
390,"['785', 'Park', 'Ave', 'APT', '15A']",2230000,3,3,1575,2020,7,1,1,0,0,0,0,0,0,0,0,1,NY,10021,0,1,0,0,0,0,0,0,0,0,0,1,0,0,0,0,80
391,"['196', 'Orchard', 'St', '5', 'L']",1750000,1,2,1124,2020,7,1,1,0,0,0,0,0,0,0,0,1,NY,10002,0,1,0,0,0,0,0,0,0,0,0,1,0,0,0,0,2
392,"['150', 'W', 'End', 'Ave', 'APT', '11S']",750000,1,1,452258,2020,7,1,1,0,0,0,1,0,0,0,0,1,NY,10023,0,1,0,0,0,0,0,0,0,0,0,1,0,0,0,0,57
393,"['200', 'Cabrini', 'Blvd', 'APT', '16']",1100000,3,2,1265,2020,7,1,1,0,0,0,0,0,0,0,0,1,NY,10033,0,1,0,0,0,0,0,0,0,0,0,0,0,1,0,0,81
394,"['400', 'E', '56th', 'St', 'APT', '16D']",1600000,3,2,1481,2020,7,1,1,0,0,0,1,0,0,0,0,0,NY,10022,0,1,0,0,0,0,0,0,0,0,0,1,0,0,0,0,52
395,"['2280', 'Frederick', 'Douglass', 'Blvd', 'APT', '9B']",1600000,3,3,1404,2020,6,30,1,0,0,0,1,1,0,0,0,1,NY,10027,0,1,0,0,0,0,0,0,1,0,0,0,0,0,0,0,10
396,"['865', 'United', 'Nations', 'Plz', 'APT', '8C']",790000,1,1,947,2020,6,30,1,0,0,0,0,1,0,0,0,1,NY,10017,0,1,0,0,0,0,0,0,0,0,0,0,0,1,0,0,90
397,"['870', '5th', 'Ave', 'APT', '4E']",2420000,2,2,235448,2020,6,30,1,0,0,0,0,0,0,0,0,0,NY,10065,0,1,0,0,0,0,0,0,0,0,0,1,0,0,0,0,71
398,"['160', 'Central', 'Park', 'S', '909']",3800000,2,3,1388,2020,6,26,1,0,0,0,0,1,0,0,0,1,NY,10019,0,1,0,0,0,0,0,0,0,0,0,1,0,0,0,0,90
399,"['211', 'Madison', 'Ave', '18A']",1900000,2,3,2321,2020,6,25,1,0,0,0,0,0,0,0,0,1,NY,10016,0,1,0,0,0,0,0,0,0,0,0,0,0,1,0,0,35
400,"['363', 'E', '76th', 'St', '17EF']",1820000,2,2,1600,2020,6,24,1,0,0,0,0,0,0,0,0,0,NY,10021,0,1,0,0,0,0,0,0,0,0,0,1,0,0,0,0,57
401,"['2', 'S', 'End', 'Ave', 'APT', '6F']",475000,1,1,632,2020,6,22,1,0,0,0,1,1,0,0,0,1,NY,10280,0,1,0,0,0,0,0,0,1,0,0,0,0,0,0,0,30
402,"['109', 'Mercer', 'St', 'APT', '5']",3900000,3,3,2177,2020,6,19,1,0,0,0,1,1,0,0,0,1,NY,10012,0,1,0,0,0,0,0,0,0,0,1,1,0,0,0,0,11
403,"['258', 'Saint', 'Nicholas', 'Ave', 'APT', '5A']",1950000,3,2,1925,2020,6,19,1,0,0,0,0,0,0,0,1,1,NY,10027,0,1,0,0,0,0,0,0,0,0,0,0,0,1,0,0,14
404,"['118', 'Suffolk', 'St', 'APT', '5B']",912500,1,1,900,2020,6,16,1,0,0,0,0,0,0,0,0,0,NY,10002,0,1,0,0,0,0,0,0,0,0,0,0,0,1,0,0,110
405,"['30', 'W', '61st', 'St', 'APT', '26E']",1100000,1,1,666,2020,6,15,1,0,0,0,0,0,0,0,0,1,NY,10023,0,1,0,0,0,0,0,0,0,0,0,1,0,0,0,0,38
406,"['225', 'E', '57th', 'St', 'APT', '9J']",635000,1,1,900,2020,6,15,1,0,0,0,1,1,0,0,1,1,NY,10022,0,1,0,0,0,0,0,0,1,0,0,1,0,0,0,0,56
407,"['641', '5th', 'Ave', '27B']",1710000,1,2,1238,2020,6,15,1,0,0,0,0,0,0,0,0,1,NY,10022,0,1,0,0,0,0,0,0,0,0,0,1,0,0,0,0,47
408,"['201', 'W', '72nd', 'St', 'APT', '4G']",890000,1,1,707,2020,6,15,1,0,0,0,0,1,0,0,0,1,NY,10023,0,1,0,0,0,0,0,0,0,0,0,0,0,1,0,0,29
409,"['325', 'Lexington', 'Ave', 'APT', '29C']",2230000,2,2,1097,2020,6,15,1,0,0,0,0,0,0,0,0,1,NY,10016,0,1,0,0,0,0,0,0,0,0,0,1,0,0,0,0,6
410,"['401', 'E', '89th', 'St', 'APT', '11C']",1690000,3,3,1535,2020,6,12,1,0,0,0,0,0,0,0,0,1,NY,10128,1,0,0,0,0,0,0,0,0,0,0,0,0,1,0,0,57
411,"['336', 'W', 'End', 'Ave', 'APT', '14D']",775000,1,1,850,2020,6,12,1,0,0,0,0,0,0,0,0,1,NY,10023,0,1,0,0,0,0,0,0,0,0,0,1,0,0,0,0,89
412,"['221', 'E', '78th', 'St', 'APT', '4B']",540000,1,1,668,2020,6,9,1,0,0,0,0,0,0,0,1,1,NY,10075,0,1,0,0,0,0,0,0,0,0,0,1,0,0,0,0,72
413,"['200', 'Chambers', 'St', 'APT', '7F']",1500000,1,1,754,2020,6,8,1,0,0,0,0,1,0,0,0,1,NY,10007,0,1,0,0,0,0,0,0,0,0,1,1,0,0,0,0,13
414,"['165', 'W', '91st', 'St', '14EF']",5370000,5,10,3352,2020,6,8,1,0,0,0,0,0,0,0,0,1,NY,10024,0,1,0,0,0,0,0,0,0,0,0,1,0,0,0,0,94
415,"['7', 'Hubert', 'St', 'APT', '4A']",6240000,3,3,2556,2020,6,5,1,0,0,0,0,0,0,0,0,1,NY,10013,0,1,0,0,0,0,0,0,0,0,0,1,0,0,0,0,17
416,"['220', 'Riverside', 'Blvd', 'APT', '25C']",5000000,5,4,3500,2020,6,5,1,0,0,0,0,1,0,0,0,1,NY,10069,0,1,0,0,0,0,0,0,0,0,0,1,0,0,0,0,20
417,"['340', 'E', '80th', 'St', 'APT', '14J']",695000,1,1,825,2020,6,5,1,0,0,0,0,0,0,0,0,0,NY,10075,0,1,0,0,0,0,0,0,0,0,0,0,0,1,0,0,59
418,"['515', 'E', '72nd', 'St', 'APT', '21L']",1050000,1,1,690,2020,6,4,1,0,0,0,0,0,0,0,0,0,NY,10021,0,0,0,1,0,0,0,0,1,0,0,0,0,0,0,0,35
419,"['345', 'W', '145th', 'St', 'APT', '10C1']",475000,1,1,758,2020,6,4,1,0,0,0,0,0,0,0,0,1,NY,10031,0,1,0,0,0,0,0,0,1,0,0,0,0,0,0,0,67
420,"['360', 'E', '88th', 'St', 'APT', '23B']",1480000,2,3,1100,2020,6,4,1,0,0,0,0,0,0,0,1,1,NY,10128,0,1,0,0,0,0,0,0,0,0,0,0,0,1,0,0,32
421,"['230', 'Riverside', 'Dr', 'APT', '6E']",815000,1,1,628,2020,6,3,1,0,0,0,0,1,0,0,0,1,NY,10025,0,1,0,0,0,0,0,0,0,0,0,0,0,1,0,0,89
422,"['200', 'W', '79th', 'St', 'APT', '10J']",825000,1,1,226556,2020,6,2,1,0,0,0,0,0,0,0,0,1,NY,10024,0,1,0,0,0,0,0,0,0,0,0,1,0,0,0,0,45
423,"['99', 'John', 'St', 'APT', '1804']",875000,1,1,677,2020,6,1,1,0,0,0,0,1,0,0,1,1,NY,10038,1,0,0,0,0,0,0,0,0,0,0,1,0,0,0,0,88
424,"['7', 'E', '35th', '12g', '12g', 'New', '12G']",475000,1,2,900,2020,5,29,1,0,0,0,0,0,0,0,0,0,NY,10016,0,1,0,0,0,0,0,0,0,0,0,0,0,1,0,0,41
425,"['155', 'W', '126th', 'St', 'APT', '4B']",760000,1,2,677,2020,5,27,1,0,0,0,0,1,0,0,0,1,NY,10027,0,1,0,0,0,0,0,0,0,0,0,0,0,1,0,0,120
426,"['84', 'Thomas', 'St', 'APT', '4']",3250000,3,3,2400,2020,5,22,1,0,0,0,0,1,0,0,0,1,NY,10013,0,1,0,0,0,0,0,0,0,0,0,1,0,0,0,0,150
427,"['407', 'E', '12th', 'St', 'APT', '1FNE']",1350000,2,2,980,2020,5,21,1,0,0,0,0,0,0,0,0,1,NY,10009,0,1,0,0,0,0,0,0,0,0,0,0,0,0,0,1,17
428,"['300', 'E', '23rd', 'St', 'APT', '4G']",1290000,1,2,994,2020,5,20,1,0,0,0,1,0,0,0,0,1,NY,10010,0,1,0,0,0,0,0,0,0,0,0,1,0,0,0,0,10
429,"['107', 'W', '25th', 'St', 'APT', '3E']",1300000,2,1,1100,2020,5,15,2,0,0,0,0,1,0,0,0,1,NY,10001,0,1,0,0,0,0,0,0,0,0,0,1,0,0,0,0,115
430,"['300', 'W', '145th', 'St']",780000,2,2,992,2020,5,15,1,0,0,0,1,1,0,0,0,1,NY,10039,0,1,0,0,0,0,0,0,0,0,1,0,0,0,0,0,15
431,"['301', 'E', '87th', 'St', 'APT', '23D']",999000,2,1,1000,2020,5,15,1,0,0,0,0,0,0,0,1,1,NY,10128,0,1,0,0,0,0,0,0,0,0,0,0,0,1,0,0,47
432,"['530', 'W', 'End', 'Ave', 'APT', '11B']",4330000,4,3,2139,2020,5,15,1,0,0,0,0,1,0,0,0,1,NY,10024,0,1,0,0,0,0,0,0,0,0,0,0,0,1,0,0,108
433,"['529', 'W', '147th', 'St', 'APT', '4B']",741500,2,2,817,2020,5,14,1,0,0,0,0,1,0,0,0,1,NY,10031,0,1,0,0,0,0,0,0,0,0,1,0,0,0,0,0,15
434,"['345', 'E', '73rd', 'St', 'APT', '1G']",547500,1,1,825,2020,5,12,1,0,0,0,0,0,0,0,0,1,NY,10021,0,1,0,0,0,0,0,0,0,0,0,1,0,0,0,0,59
435,"['845', 'W', 'End', 'Ave', 'APT', '4C']",3120000,3,3,1974,2020,5,12,1,0,0,0,1,1,0,0,0,1,NY,10025,0,1,0,0,0,0,0,0,0,0,0,0,0,1,0,0,90
436,"['549', 'W', '152nd', 'St']",2100000,5,3,3300,2020,5,8,1,0,0,0,1,1,0,0,0,1,NY,10031,0,0,0,0,1,0,0,0,0,1,0,1,0,0,0,1,121
437,"['330', 'Spring', 'St', 'APT', '5D']",2310000,2,3,1489,2020,5,7,1,0,0,0,0,1,0,0,0,1,NY,10013,0,1,0,0,0,0,0,0,0,0,0,0,0,1,0,0,15
438,"['139', 'W', '78th', 'St']",7630000,5,6,5416,2020,5,4,1,0,0,0,1,1,0,0,1,1,NY,10024,0,0,0,0,0,1,0,0,0,0,1,0,0,0,0,0,110
439,"['404', 'E', '76th', 'St', 'APT', '17D']",875000,1,1,711,2020,5,1,1,0,0,0,0,0,0,0,0,1,NY,10021,0,1,0,0,0,0,0,0,0,0,0,1,0,0,0,0,18
440,"['2', 'River', 'Ter', 'APT', '4M']",1910000,3,3,1449,2020,4,30,1,0,0,0,0,0,0,0,1,1,NY,10282,0,1,0,0,0,0,0,0,0,0,0,1,1,0,0,0,14
441,"['415', 'E', '52nd', 'St', 'APT', '9AA']",822500,1,1,1000,2020,4,30,1,0,0,0,0,0,0,0,0,1,NY,10022,1,0,0,0,0,0,0,0,1,0,0,0,0,0,0,0,64
442,"['445', '5th', 'Ave', '23G']",865000,1,1,660,2020,4,29,1,0,0,0,1,1,0,0,0,1,NY,10016,0,1,0,0,0,0,0,0,0,0,0,0,0,1,0,0,35
443,"['144', 'W', '18th', 'St', '400E']",3660000,4,3,2693,2020,4,23,1,0,0,0,0,1,0,0,0,1,NY,10011,0,1,0,0,0,0,0,0,0,0,0,1,0,0,0,0,110
444,"['2605', '2609', 'Frederick', 'Douglass', 'Blvd', 'APT', '2C']",350000,1,1,768,2020,4,22,1,0,0,0,0,1,0,0,0,1,NY,10030,0,0,0,1,0,0,0,0,0,0,0,1,0,0,0,0,14
445,"['433', 'W', '34th', 'St', 'APT', '4J']",740000,1,1,725,2020,4,22,1,0,0,0,0,0,0,0,0,1,NY,10001,0,1,0,0,0,0,0,0,0,0,0,0,0,1,0,0,90
446,"['225', 'Rector', 'Pl', 'APT', '15H']",1600000,2,2,1002,2020,4,21,1,0,0,0,0,0,0,0,0,1,NY,10280,0,1,0,0,0,0,0,0,1,0,0,1,0,0,0,0,35
447,"['515', 'E', '72nd', 'St', 'APT', '18H']",1500000,2,2,1027,2020,4,21,1,0,0,0,0,0,0,0,0,1,NY,10021,0,1,0,0,0,0,0,0,1,0,0,0,0,0,0,0,35
448,"['45', 'Christopher', 'St', 'APT', '6E']",3170000,2,2,1350,2020,4,21,1,0,0,0,0,0,0,0,0,0,NY,10014,0,1,0,0,0,0,0,0,0,0,0,1,0,0,0,0,89
449,"['444', 'E', '75th', 'St', 'APT', '8G']",450000,1,1,600,2020,4,17,1,0,0,0,0,1,0,0,0,1,NY,10021,0,1,0,0,0,0,0,0,0,0,0,0,0,1,0,0,57
450,"['77', '7th', 'Ave', 'APT', '6L']",675000,1,1,650,2020,4,17,1,0,0,0,1,1,0,0,1,1,NY,10011,0,1,0,0,0,0,0,0,1,0,0,1,0,0,0,0,57
451,"['300', 'E', '62nd', 'St', 'APT', '1504']",900000,1,1,820,2020,4,15,1,0,0,0,0,0,0,0,0,1,NY,10065,0,1,0,0,0,0,0,0,0,0,0,0,0,1,0,0,34
452,"['250', 'E', '65th', 'St', 'APT', '11B']",1660000,2,2,1400,2020,4,14,1,0,0,0,0,0,0,0,0,1,NY,10065,0,1,0,0,0,0,0,0,0,0,0,1,0,0,0,0,57
453,"['111', 'E', '88th', 'St', 'APT', '6B']",2270000,3,3,1700,2020,4,13,1,0,0,0,0,0,0,0,0,1,NY,10128,0,1,0,0,0,0,0,0,0,0,0,1,0,0,0,0,91
454,"['345', 'W', '70th', 'St', 'APT', '3D']",1290000,2,1,900,2020,4,13,1,0,0,0,0,0,0,0,0,1,NY,10023,0,1,0,0,0,0,0,0,0,0,0,0,0,1,0,0,110
455,"['177', 'E', '77th', 'St', 'APT', '8A']",2980000,2,2,1600,2020,4,8,1,0,0,0,0,0,0,0,0,1,NY,10075,0,1,0,0,0,0,0,0,0,0,0,0,0,1,0,0,78
456,"['220', 'E', '65th', 'St', 'APT', '24C']",2320000,3,3,1326,2020,4,8,1,0,0,0,0,1,0,0,0,1,NY,10065,0,0,0,0,1,0,0,0,0,0,0,1,0,0,0,0,42
457,"['147', 'W', '142nd', 'St', 'APT', '4B']",530000,1,1,766,2020,4,3,1,0,0,0,1,1,0,0,1,1,NY,10030,0,1,0,0,0,0,0,0,0,0,0,1,0,0,0,1,12
458,"['240', 'E', '10th', 'St', 'APT', '11B']",1810000,2,2,1145,2020,4,2,1,0,0,0,1,1,0,0,0,1,NY,10003,0,1,0,0,0,0,0,0,0,0,0,0,0,1,0,0,19
459,"['200', 'E', '24th', 'St', 'APT', '1110']",567000,1,1,600,2020,4,2,1,0,0,0,0,1,0,0,0,1,NY,10010,0,1,0,0,0,0,0,0,1,0,0,1,0,0,0,0,48
460,"['200', 'E', '16th', 'St', 'APT', '2H']",780000,1,1,750,2020,4,1,1,0,0,0,1,0,0,0,0,1,NY,10003,0,1,0,0,0,0,0,0,0,0,0,1,0,0,0,0,90
461,"['340', 'E', '64th', 'St', 'APT', '18S']",1680000,2,2,1285,2020,4,1,1,0,0,0,0,0,0,0,0,0,NY,10065,0,1,0,0,0,0,0,0,0,0,0,0,0,1,0,0,55
462,"['2', 'Tudor', 'City', 'Pl', 'APT', '7JN']",772000,1,1,900,2020,4,1,1,0,0,0,0,0,0,0,1,0,NY,10017,0,1,0,0,0,0,0,0,1,0,0,1,0,0,0,0,65
463,"['15', 'William', 'St', 'APT', '20G']",950000,1,1,800,2020,3,31,1,0,0,0,1,0,0,0,0,1,NY,10005,0,1,0,0,0,0,0,0,1,0,0,1,0,0,0,0,12
464,"['2000', 'Broadway', 'APT', '26D']",1910000,2,2,1165,2020,3,31,1,0,0,0,0,1,0,0,0,1,NY,10023,0,1,0,0,0,0,0,0,0,0,0,0,0,1,0,0,33
465,"['2', 'King', 'St', 'APT', '4A']",1370000,1,1,950,2020,3,30,1,0,0,0,0,0,0,0,0,0,NY,10012,0,1,0,0,0,0,0,0,0,0,0,1,0,0,0,0,57
466,"['444', 'E', '86th', 'St', 'APT', '12G']",1060000,3,2,1400,2020,3,30,1,0,0,0,0,0,0,0,0,1,NY,10028,0,1,0,0,0,0,0,0,0,0,0,1,0,0,0,0,47
467,"['101', 'Central', 'Park', '4A']",4850000,3,2,2650,2020,3,30,1,0,0,0,0,1,0,0,0,1,NY,10023,0,1,0,0,0,0,0,0,0,0,0,1,0,0,0,0,92
468,"['21', 'Downing', 'St']",7250000,3,4,3600,2020,3,27,1,0,0,0,1,1,0,0,1,1,NY,10014,0,0,0,1,0,0,0,0,0,0,0,0,0,1,0,0,120
469,"['108', 'E', '66th', 'St', 'APT', '7B']",1200000,1,1,740,2020,3,26,1,0,0,0,0,1,0,0,0,1,NY,10065,0,0,0,0,1,0,0,0,0,0,0,1,0,0,0,0,92
470,"['275', 'Greenwich', 'St', 'APT', '3E']",1520000,2,2,1026,2020,3,25,1,0,0,0,0,0,0,0,0,0,NY,10007,0,1,0,0,0,0,0,0,0,0,0,0,0,1,0,0,33
471,"['30', 'W', '63rd', 'St', '14AB']",2730000,2,2,1215,2020,3,25,1,0,0,0,0,0,0,0,0,1,NY,10023,0,1,0,0,0,0,0,0,1,0,0,0,0,0,0,0,41
472,"['517', 'W', '46th', 'St', 'APT', '502']",1240000,2,2,1122,2020,3,25,1,0,0,0,0,0,0,0,0,1,NY,10036,0,1,0,0,0,0,0,0,0,0,1,1,0,0,0,0,14
473,"['301', 'W', '53rd', 'St', 'APT', '4D']",1260000,1,1,789,2020,3,23,1,0,0,0,0,0,0,0,0,1,NY,10019,0,0,0,1,0,0,0,0,0,0,1,1,0,0,0,0,3
474,"['235', 'E', '40th', 'St', 'APT', '38B']",940000,1,2,791,2020,3,20,1,0,0,0,1,1,0,0,0,1,NY,10016,0,1,0,0,0,0,0,0,1,0,0,1,0,0,0,0,34
475,"['88', 'Franklin', 'St', '3']",6700000,4,4,4001,2020,3,20,1,0,0,0,0,0,0,0,1,1,NY,10013,0,1,0,0,0,0,0,0,0,1,0,1,0,0,0,0,105
476,"['241', 'E', '76th', 'St', 'APT', '9H']",427500,1,1,570,2020,3,20,1,0,0,0,0,0,0,0,0,0,NY,10021,0,1,0,0,0,0,0,0,1,0,0,0,0,0,0,0,61
477,"['101', 'Wall', 'St', '15A']",970000,1,1,703,2020,3,19,1,0,0,0,0,0,0,0,0,1,NY,10005,0,1,0,0,0,0,0,0,0,0,0,1,0,0,0,0,4
478,"['315', 'E', '69th', 'St', '2JK']",1240000,3,3,1350,2020,3,19,1,0,0,0,0,0,0,0,1,1,NY,10021,0,1,0,0,0,0,0,0,1,0,0,0,0,0,0,0,59
479,"['333', 'W', '56th', 'St', 'APT', '10H']",2670000,2,2,1976,2020,3,19,1,0,0,0,0,0,0,0,1,1,NY,10019,0,0,0,1,0,0,0,0,0,0,0,0,0,1,0,0,91
480,"['215', 'E', '80th', 'St', 'APT', '6D']",1660000,2,2,1328,2020,3,18,1,0,0,0,0,0,0,0,0,0,NY,10075,0,1,0,0,0,0,0,0,1,0,0,0,0,0,0,0,57
481,"['153', 'Bowery', 'APT', '6']",2860000,3,3,1800,2020,3,16,1,0,0,0,0,0,0,0,1,1,NY,10002,0,0,0,1,0,0,0,0,0,0,0,0,0,1,0,0,43
482,"['325', '5th', 'Ave', 'APT', '21A']",1570000,2,2,1176,2020,3,16,1,0,0,0,0,0,0,0,0,1,NY,10016,0,1,0,0,0,0,0,0,1,0,0,1,0,0,0,0,15
483,"['244', 'Madison', 'Ave', 'APT', '2C']",640000,1,1,650,2020,3,13,1,0,0,0,1,1,0,0,0,1,NY,10016,0,1,0,0,0,0,0,0,0,0,0,0,0,1,0,0,104
484,"['2373', 'Adam', 'Clayton', 'Powell', 'Jr', 'Blvd', 'APT', '2B']",750000,2,2,1050,2020,3,13,1,0,0,0,0,1,0,0,0,1,NY,10030,1,0,0,0,0,0,0,0,0,0,0,0,0,1,0,0,12
485,"['400', 'E', '59th', 'St', '8GH']",935000,2,2,1113,2020,3,12,1,0,0,0,0,0,0,0,0,1,NY,10022,0,1,0,0,0,0,0,0,0,0,0,1,0,0,0,0,91
486,"['444', 'W', '19th', 'St', 'APT', '301']",2320000,2,2,1391,2020,3,12,1,0,0,0,0,0,0,0,0,1,NY,10011,0,1,0,0,0,0,0,0,0,0,0,1,0,0,0,0,120
487,"['1185', 'Park', 'Ave', 'APT', '4I']",2310000,2,2,550905,2020,3,11,1,0,0,0,0,0,0,0,0,1,NY,10128,0,1,0,0,0,0,0,0,0,0,0,0,0,1,0,0,91
488,"['215', 'E', '73rd', 'St', '8F']",915000,1,1,950,2020,3,10,1,0,0,0,0,0,0,0,0,1,NY,10021,0,1,0,0,0,0,0,0,0,0,0,1,0,0,0,0,90
489,"['20', 'E', '68th', 'St']",2069999,2,2,96152,2020,3,10,1,0,0,0,0,0,0,0,0,0,NY,10065,0,0,0,0,1,0,0,0,0,0,0,0,0,1,0,0,64
490,"['150', 'E', '61st', 'St', 'APT', '7F']",905000,2,2,1000,2020,3,10,1,0,0,0,0,0,0,0,0,1,NY,10065,0,1,0,0,0,0,0,0,0,0,0,1,0,0,0,0,60
491,"['224', 'E', '14th', 'St', 'APT', '1']",2340000,2,3,1871,2020,3,10,1,0,0,0,0,1,0,0,0,1,NY,10003,0,1,0,0,0,0,0,0,0,0,0,1,0,0,0,0,100
492,"['100', 'W', '89th', 'St', 'APT', '8J']",900000,1,1,779,2020,3,10,1,0,0,0,0,1,0,0,0,1,NY,10024,0,0,0,1,0,0,0,0,0,0,1,0,0,0,0,0,35
493,"['150', 'Nassau', 'St', 'APT', '14A']",1900000,2,3,1797,2020,3,6,1,0,0,0,0,0,0,0,0,1,NY,10038,0,1,0,0,0,0,0,0,0,0,0,1,0,0,0,0,120
494,"['301', 'E', '87th', 'St', 'APT', '11F']",672500,1,1,800,2020,3,6,1,0,0,0,0,0,0,0,0,1,NY,10128,0,1,0,0,0,0,0,0,0,0,0,0,0,1,0,0,47
495,"['635', 'W', '42nd', 'St', 'APT', '37E']",10,2,2,1200,2020,3,6,1,0,0,0,0,0,0,0,0,1,NY,10036,0,0,0,1,0,0,0,0,1,0,0,0,0,0,0,0,15
496,"['120', 'W', '72nd', 'St', 'APT', '4B']",1900000,2,2,1468,2020,3,6,1,0,0,0,0,0,0,0,0,1,NY,10023,0,1,0,0,0,0,0,0,0,0,0,1,0,0,0,0,13
497,"['45', 'W', '88th', 'St']",11800000,6,9,6600,2020,3,6,1,0,0,0,0,0,0,0,1,1,NY,10024,0,0,0,0,1,0,0,0,0,1,0,0,0,0,0,1,120
498,"['345', 'E', '57th', 'St', 'APT', '10A']",1800000,2,3,1800,2020,3,6,1,0,0,0,0,0,0,0,0,1,NY,10022,0,1,0,0,0,0,0,0,0,0,0,0,0,1,0,0,92
499,"['729', 'Greenwich', 'St', '22J']",537500,1,1,500,2020,3,6,1,0,0,0,1,0,0,0,0,0,NY,10014,0,1,0,0,0,0,0,0,0,0,0,0,0,1,0,0,171
500,"['205', 'E', '63rd', 'St', 'APT', '15A']",600000,2,2,985,2020,3,5,1,0,0,0,0,1,0,0,0,1,NY,10065,0,1,0,0,0,0,0,0,0,0,0,1,0,0,0,0,57
501,"['350', 'E', '72nd', 'St', 'APT', '9A']",1750000,2,3,1404,2020,3,4,1,0,0,0,0,0,0,0,0,1,NY,10021,0,1,0,0,0,0,0,0,0,0,0,0,0,1,0,0,32
502,"['120', 'W', '70th', 'St', 'APT', '9C']",2100000,3,2,1400,2020,3,3,2,0,0,0,0,0,0,0,0,1,NY,10023,0,1,0,0,0,0,0,0,0,0,0,1,0,0,0,0,103
503,"['158', 'Waverly', 'Pl', '3']",2600000,2,1,1800,2020,3,3,2,0,0,0,0,0,0,0,0,1,NY,10014,0,1,0,0,0,0,0,0,0,0,0,1,0,0,0,0,110
504,"['11', 'E', '29th', 'St', 'APT', '23C']",1680000,2,2,1374,2020,3,3,1,0,0,0,0,0,0,0,0,1,NY,10016,0,1,0,0,0,0,0,0,0,0,0,1,0,0,0,0,15
505,"['16', 'W', '19th', 'St', 'APT', '4D']",1150000,1,1,922,2020,3,3,1,0,0,0,0,1,0,0,0,1,NY,10011,0,1,0,0,0,0,0,0,0,0,0,0,0,1,0,0,114
506,"['70', 'E', '10th', 'St', 'APT', '11K']",1620000,1,1,1125,2020,3,3,1,0,0,0,0,0,0,0,0,1,NY,10003,0,1,0,0,0,0,0,0,0,0,0,1,0,0,0,0,60
507,"['55', 'W', '17th', 'St', '403']",1430000,1,1,788,2020,3,3,1,0,0,0,0,1,0,0,0,1,NY,10011,0,1,0,0,0,0,0,0,0,1,0,1,0,0,0,1,4
508,"['57', 'Reade', 'St', 'APT', '19A']",2020000,2,2,1137,2020,3,2,1,0,0,0,0,1,0,0,0,1,NY,10007,0,1,0,0,0,0,0,0,0,0,0,1,0,0,0,0,9
509,"['188', 'E', '64th', 'St', 'APT', '1601']",1100000,1,1,740,2020,3,2,1,0,0,0,1,1,0,0,0,1,NY,10065,0,0,0,1,0,0,0,0,0,0,0,1,1,0,0,0,33
510,"['420', 'E', '55th', 'St', 'APT', '4E']",807500,1,1,962,2020,3,2,1,0,0,0,0,0,0,0,0,1,NY,10022,0,1,0,0,0,0,0,0,0,0,0,0,0,1,0,0,64
511,"['345', 'E', '69th', 'St', 'APT', '2C']",835000,2,1,935,2020,3,2,1,0,0,0,0,0,0,0,0,1,NY,10021,0,1,0,0,0,0,0,0,0,0,0,0,0,1,0,0,57
512,"['350', 'W', '50th', 'St', 'APT', '12D']",800000,1,1,640,2020,3,2,1,0,0,0,0,0,0,0,0,0,NY,10019,0,1,0,0,0,0,0,0,0,0,0,1,0,0,0,0,32
513,"['60', 'Gramercy', 'Park', 'N', 'APT', '8H']",1600000,2,2,1100,2020,2,28,1,0,0,0,0,0,0,0,0,1,NY,10010,0,1,0,0,0,0,0,0,1,0,0,0,0,0,0,0,92
514,"['131', 'W', '85th', 'St', 'APT', '2C']",499000,1,1,680,2020,2,27,1,0,0,0,0,0,0,0,0,0,NY,10024,0,1,0,0,0,0,0,0,0,0,0,1,0,0,0,0,120
515,"['320', 'W', 'End', 'Ave', 'APT', '10B']",2350000,2,3,1850,2020,2,27,1,0,0,0,0,0,0,0,0,1,NY,10023,0,0,1,0,0,0,0,1,0,0,0,0,0,0,0,0,96
516,"['128', 'E', '7th', 'St', 'APT', '6']",1020000,2,2,1800,2020,2,27,1,0,0,0,0,0,0,0,0,1,NY,10009,0,1,0,0,0,0,0,0,0,0,0,1,0,0,0,0,100
517,"['3', 'Hanover', 'Sq', 'APT', '13F']",1390000,2,2,1400,2020,2,26,1,0,0,0,0,0,0,0,0,1,NY,10004,0,1,0,0,0,0,0,0,0,0,0,1,0,0,0,0,94
518,"['108', '5th', 'Ave', 'APT', '12C']",1270000,1,1,850,2020,2,25,1,0,0,0,0,0,0,0,0,1,NY,10011,0,1,0,0,0,0,0,0,0,0,0,0,0,1,0,0,34
519,"['417', 'Park', 'Ave', 'APT', '4E']",4350000,3,3,3000,2020,2,25,1,0,0,0,0,0,0,0,0,1,NY,10022,0,1,0,0,0,0,0,0,0,0,0,1,0,0,0,0,104
520,"['177', 'E', '77th', 'St', 'APT', '11D']",997500,1,1,1129,2020,2,24,1,0,0,0,0,0,0,0,1,1,NY,10075,0,0,0,1,0,0,0,0,0,0,0,1,0,0,0,0,78
521,"['63', 'W', '17th', 'St', 'APT', '3A']",2250000,2,2,1522,2020,2,24,1,0,0,0,0,0,0,0,0,1,NY,10011,0,1,0,0,0,0,0,0,0,0,0,0,0,1,0,0,18
522,"['563', 'Park', 'Ave', 'APT', '12E']",2600000,3,2,2200,2020,2,21,1,0,0,0,0,0,0,0,0,1,NY,10065,0,1,0,0,0,0,0,0,0,0,0,0,0,1,0,0,110
523,"['563', 'Park', 'Ave']",2600000,3,2,57847,2020,2,21,1,0,0,0,0,0,0,0,0,0,NY,10065,0,1,0,0,0,0,0,0,0,0,0,0,0,1,0,0,107
524,"['137', 'E', '36th', 'St', '17D']",675000,1,1,575,2020,2,20,1,0,0,0,1,1,0,0,1,1,NY,10016,0,1,0,0,0,0,0,0,0,0,0,0,0,1,0,0,54
525,"['300', 'E', '71st', 'St', 'APT', '18R']",995000,2,1,277478,2020,2,20,1,0,0,0,1,0,0,0,1,1,NY,10021,0,1,0,0,0,0,0,0,0,0,0,0,0,0,0,1,59
526,"['200', 'E', '89th', 'St', 'APT', '15A']",746000,1,1,566,2020,2,20,1,0,0,0,0,1,0,0,0,1,NY,10128,0,0,0,1,0,0,0,0,1,0,0,0,0,0,0,0,33
527,"['344', 'W', '23rd', 'St', 'APT', '5D']",999999,1,1,732,2020,2,19,1,0,0,0,1,1,0,0,0,1,NY,10011,0,1,0,0,0,0,0,0,0,0,1,0,0,0,0,0,35
528,"['200', 'E', '16th', 'St', '11GH']",1380000,2,3,1100,2020,2,19,1,0,0,0,1,1,0,0,1,1,NY,10003,0,1,0,0,0,0,0,0,0,0,0,0,0,0,0,1,90
529,"['99', 'Jane', 'St', 'APT', '1D']",4400000,3,3,2039,2020,2,19,1,0,0,0,0,0,0,0,0,1,NY,10014,0,1,0,0,0,0,0,0,0,0,0,1,0,0,0,0,21
530,"['31', 'W', '21st', 'St', 'APT', '7']",5860000,4,4,4713,2020,2,18,1,0,0,0,0,0,0,0,0,0,NY,10010,0,1,0,0,0,0,0,0,0,0,0,0,0,1,0,0,113
531,"['415', 'Greenwich', 'St', 'APT', '3G']",4750000,3,4,2693,2020,2,18,1,0,0,0,0,0,0,0,0,1,NY,10013,0,1,0,0,0,0,0,0,0,0,0,0,0,1,0,0,108
532,"['425', 'E', '79th', 'St', 'APT', '6J']",832500,2,1,900,2020,2,18,1,0,0,0,0,0,0,0,0,0,NY,10075,0,1,0,0,0,0,0,0,0,0,0,1,0,0,0,0,65
533,"['2', 'Sutton', 'Pl', 'S', 'APT', '12G']",1120000,1,2,900,2020,2,18,1,0,0,0,0,1,0,0,0,1,NY,10022,0,1,0,0,0,0,0,0,0,0,0,0,0,1,0,0,82
534,"['70', 'W', '139th', 'St', 'APT', '7I']",630000,1,1,669,2020,2,14,1,0,0,0,0,0,0,0,1,1,NY,10037,0,1,0,0,0,0,0,0,0,0,0,1,0,0,0,0,2
535,"['225', 'E', '76th', 'St', 'APT', '2F']",530000,1,1,750,2020,2,14,1,0,0,0,0,0,0,0,0,1,NY,10021,0,1,0,0,0,0,0,0,0,0,0,1,0,0,0,0,58
536,"['120', 'E', '36th', 'St', 'APT', '12F']",545000,1,1,750,2020,2,13,1,0,0,0,0,0,0,0,1,0,NY,10016,0,1,0,0,0,0,0,0,0,0,1,0,0,0,0,0,63
537,"['203', 'W', '122nd', 'St', 'APT', '5']",2600000,3,3,2040,2020,2,13,1,0,0,0,0,0,0,0,1,1,NY,10027,0,1,0,0,0,0,0,0,1,0,0,1,0,0,0,0,15
538,"['219', 'W', '14th', 'St', 'APT', '2F']",1650000,1,2,1000,2020,2,13,1,0,0,0,1,1,0,0,0,1,NY,10011,0,1,0,0,0,0,0,0,0,0,0,0,1,0,0,0,120
539,"['315', 'W', '23rd', 'St', 'APT', '8F']",1320000,1,1,1272,2020,2,12,1,0,0,0,0,0,0,0,1,1,NY,10011,0,1,0,0,0,0,0,0,0,0,0,0,0,1,0,0,94
540,"['116', 'W', '14th', 'St', 'APT', '10N']",2950000,3,2,2092,2020,2,12,1,0,0,0,1,1,0,0,0,1,NY,10011,0,1,0,0,0,0,0,0,0,0,0,1,0,0,0,0,108
541,"['211', 'Madison', 'Ave', '14B']",2100000,3,3,2100,2020,2,12,1,0,0,0,1,1,0,0,1,1,NY,10016,0,1,0,0,0,0,0,0,0,0,0,1,1,0,0,0,35
542,"['515', 'E', '72nd', 'St', 'APT', '15H']",1560000,2,2,1027,2020,2,12,1,0,0,0,0,0,0,0,0,1,NY,10021,0,1,0,0,0,0,0,0,1,0,0,1,0,0,0,0,35
543,"['435', 'E', '57th', 'St', '16B']",1610000,2,2,1450,2020,2,11,1,0,0,0,0,0,0,0,0,1,NY,10022,0,1,0,0,0,0,0,0,0,0,0,0,0,1,0,0,93
544,"['345', 'E', '73rd', 'St', 'APT', '5F']",635000,1,1,700,2020,2,11,1,0,0,0,1,1,0,0,0,1,NY,10021,0,1,0,0,0,0,0,0,0,0,0,0,0,1,0,0,59
545,"['1255', 'Park', 'Ave']",906500,3,4,1988,2020,2,10,1,0,0,0,1,1,0,0,0,1,NY,10029,0,0,0,0,0,1,0,0,1,0,0,1,0,0,0,0,100
546,"['4', 'W', '21st', 'St', 'APT', '17A']",1900000,3,3,2258,2020,2,7,1,0,0,0,0,1,0,0,0,1,NY,10010,0,1,0,0,0,0,0,0,1,0,0,1,0,0,0,0,14
547,"['160', 'W', 'End', 'Ave', 'APT', '5D']",1550000,2,2,471630,2020,2,5,1,0,0,0,1,0,0,0,0,0,NY,10023,0,1,0,0,0,0,0,0,0,0,0,1,0,0,0,0,57
548,"['400', 'W', '12th', 'St', 'APT', '10D']",2350000,1,1,853,2020,2,5,1,0,0,0,1,1,0,0,0,1,NY,10014,0,1,0,0,0,0,0,0,1,0,0,0,0,0,0,0,11
549,"['258', 'Saint', 'Nicholas', 'Ave', 'APT', '8B']",1820000,3,2,1665,2020,2,5,1,0,0,0,0,1,0,0,0,1,NY,10027,0,1,0,0,0,0,0,0,0,0,0,0,0,1,0,0,12
550,"['20', 'E', '35th', 'St', 'B']",680000,1,1,182166,2020,2,4,1,0,0,0,1,1,0,0,0,1,NY,10016,0,1,0,0,0,0,0,0,0,0,0,0,0,0,0,1,83
551,"['188', 'E', '64th', 'St', 'APT', '1504']",965000,1,1,746,2020,2,4,1,0,0,0,0,1,0,0,0,1,NY,10065,0,1,0,0,0,0,0,0,0,0,1,1,0,0,0,0,33
552,"['122', '124', 'Elizabeth', 'St', '5D']",692000,1,1,460,2020,2,4,1,0,0,0,1,1,0,0,1,1,NY,10013,0,1,0,0,0,0,0,0,0,0,0,0,0,1,0,0,32
553,"['57', 'Sullivan', 'St']",5220000,4,4,3864,2020,2,3,1,0,0,0,0,0,0,0,1,1,NY,10012,0,0,0,1,0,0,0,0,0,0,0,0,0,1,0,0,119
554,"['407', 'Park', 'Avenue', 'Plz', '5E']",815000,1,1,725,2020,2,3,1,0,0,0,0,0,0,0,0,1,NY,10022,0,1,0,0,0,0,0,0,0,0,0,1,0,0,0,0,36
555,"['468', 'W', '23rd', 'St', 'APT', '4F']",915000,1,1,700,2020,2,3,1,0,0,0,0,1,0,0,0,1,NY,10011,0,0,0,1,0,0,0,0,0,0,1,0,0,0,0,0,120
556,"['14', 'Horatio', 'St', 'APT', '17E']",2670000,2,2,1200,2020,1,30,1,0,0,0,0,0,0,0,0,1,NY,10014,0,1,0,0,0,0,0,0,0,0,0,0,0,1,0,0,60
557,"['250', 'E', '31st', 'St', 'APT', '2B']",1020000,3,2,900,2020,1,28,1,0,0,0,0,0,0,0,0,1,NY,10016,0,1,0,0,0,0,0,0,0,0,0,0,0,1,0,0,37
558,"['244', 'Madison', 'Ave', 'APT', '16B']",565000,1,1,800,2020,1,28,1,0,0,0,0,1,0,0,0,1,NY,10016,0,1,0,0,0,0,0,0,0,0,0,1,0,0,0,0,104
559,"['305', 'E', '72nd', 'St', '15', 'D']",1150000,2,2,175387,2020,1,28,1,0,0,0,0,0,0,0,0,1,NY,10021,0,1,0,0,0,0,0,0,0,0,0,1,0,0,0,0,63
560,"['245', 'E', '35th', 'St', 'APT', '10D']",490000,1,1,650,2020,1,27,1,0,0,0,0,0,0,0,0,1,NY,10016,0,1,0,0,0,0,0,0,0,0,0,0,0,1,0,0,56
561,"['425', 'W', '53rd', 'St', 'APT', '508']",1550000,2,2,1150,2020,1,24,1,0,0,0,0,1,0,0,0,1,NY,10019,0,1,0,0,0,0,0,0,0,0,0,0,0,1,0,0,11
562,"['15', 'W', '53rd', 'St', '9J']",1400000,1,2,1225,2020,1,24,1,0,0,0,0,0,0,0,0,1,NY,10019,0,1,0,0,0,0,0,0,0,0,0,0,0,1,0,0,38
563,"['354', 'Broadway', 'APT', '8']",3250000,3,2,2793,2020,1,24,1,0,0,0,0,1,0,0,0,1,NY,10013,0,1,0,0,0,0,0,0,0,0,0,1,0,0,0,0,120
564,"['148', 'Chambers', 'St']",4150000,3,4,2300,2020,1,23,1,0,0,0,0,1,0,0,0,1,NY,10007,0,1,0,0,0,0,0,0,0,0,0,0,0,1,0,0,105
565,"['22', 'Mercer', 'St', 'APT', '2D']",3650000,2,3,2392,2020,1,23,1,0,0,0,0,1,0,0,0,1,NY,10013,0,1,0,0,0,0,0,0,0,0,0,1,0,0,0,0,110
566,"['2', 'King', 'St', 'APT', '7E']",1030000,1,1,750,2020,1,23,1,0,0,0,0,1,0,0,0,1,NY,10012,0,1,0,0,0,0,0,0,1,0,0,1,0,0,0,0,57
567,"['311', 'E', '71st', 'St', 'APT', '6G']",1230000,2,2,1250,2020,1,22,1,0,0,0,0,0,0,0,0,1,NY,10021,0,1,0,0,0,0,0,0,1,0,0,0,0,0,0,0,58
568,"['175', 'W', '13th', 'St', 'APT', '8G']",730000,1,1,500,2020,1,21,1,0,0,0,0,0,0,0,0,1,NY,10011,0,1,0,0,0,0,0,0,0,0,0,0,0,1,0,0,59
569,"['30', 'E', '37th', 'St', 'APT', '10B']",1020000,1,2,909,2020,1,21,1,0,0,0,0,0,0,0,0,1,NY,10016,0,1,0,0,0,0,0,0,0,0,0,0,0,1,0,0,68
570,"['188', 'E', '76th', 'St', 'APT', '6C']",1230000,2,2,858,2020,1,16,1,0,0,0,0,0,0,0,0,1,NY,10021,0,1,0,0,0,0,0,0,0,0,0,1,0,0,0,0,24
571,"['77', 'Bleecker', 'St', 'APT', '825']",938000,1,2,800,2020,1,16,1,0,0,0,0,0,0,0,0,1,NY,10012,0,1,0,0,0,0,0,0,0,0,0,0,0,1,0,0,90
572,"['301', 'W', '53rd', 'St', 'APT', '23I']",1040000,1,1,667,2020,1,15,1,0,0,0,0,0,0,0,0,1,NY,10019,0,1,0,0,0,0,0,0,0,0,0,1,0,0,0,0,41
573,"['166', 'E', '63rd', 'St', 'APT', '3C']",1650000,4,3,1615,2020,1,15,1,0,0,0,0,1,0,0,0,1,NY,10065,0,0,0,1,0,0,0,0,0,0,1,0,0,0,0,0,61
574,"['2', 'S', 'End', 'Ave', 'APT', '8P']",780000,2,2,1000,2020,1,14,1,0,0,0,0,0,0,0,0,1,NY,10280,0,1,0,0,0,0,0,0,1,0,0,0,0,0,0,0,30
575,"['211', 'Madison', 'Ave', '20A']",2080000,2,3,2321,2020,1,14,1,0,0,0,0,0,0,0,0,1,NY,10016,0,1,0,0,0,0,0,0,0,0,0,1,0,0,0,0,35
576,"['425', '5th', 'Ave', 'APT', '60B']",2440000,2,2,1315,2020,1,14,1,0,0,0,0,1,0,0,0,1,NY,10016,0,1,0,0,0,0,0,0,0,0,0,0,0,1,0,0,17
577,"['400', 'W', '12th', 'St', 'APT', '6D']",10,2,2,1320,2020,1,14,1,0,0,0,0,0,0,0,0,0,NY,10014,0,1,0,0,0,0,0,0,0,0,0,1,0,0,0,0,11
578,"['392', 'Central', 'Park', 'W', 'APT', '4B']",990000,1,1,850,2020,1,13,1,0,0,0,0,0,0,0,0,1,NY,10025,0,1,0,0,0,0,0,0,0,0,0,0,0,1,0,0,60
579,"['311', 'W', '4th', 'St']",12200000,4,5,4636,2020,1,13,1,0,0,0,0,1,0,0,1,0,NY,10014,0,0,0,0,0,1,0,0,0,0,0,0,0,1,0,0,105
580,"['315', 'E', '70th', 'St', 'APT', '11Q']",835000,1,1,875,2020,1,13,1,0,0,0,0,0,0,0,0,1,NY,10021,0,1,0,0,0,0,0,0,0,0,0,0,0,1,0,0,60
581,"['1400', '5th', 'Ave', 'APT', '5A']",650000,2,1,889,2020,1,13,1,0,0,0,0,0,0,0,1,1,NY,10026,0,1,0,0,0,0,1,0,0,0,0,1,0,0,0,1,17
582,"['520', 'E', '90th', 'St', 'APT', '6J']",709000,1,1,955,2020,1,13,1,0,0,0,0,0,0,0,0,0,NY,10128,0,1,0,0,0,0,0,0,0,0,0,0,0,1,0,0,78
583,"['421', 'E', '84th', 'St', 'APT', '2R']",1100000,2,2,1200,2020,1,10,1,0,0,0,0,0,0,0,0,1,NY,10028,0,1,0,0,0,0,0,0,0,0,0,0,0,1,0,0,98
584,"['370', 'E', '76th', 'St', 'APT', 'C1209']",860000,1,1,825,2020,1,10,1,0,0,0,0,0,0,0,0,1,NY,10021,0,1,0,0,0,0,0,0,0,0,0,1,0,0,0,0,54
585,"['142', 'Duane', 'St', 'APT', '4A']",2920000,2,2,2000,2020,1,9,1,0,0,0,0,1,0,0,0,1,NY,10013,0,1,0,0,0,0,0,0,0,0,0,0,0,1,0,0,161
586,"['300', 'E', '71st', 'St', 'APT', '8H']",1100000,2,2,1200,2020,1,9,1,0,0,0,0,0,0,0,0,0,NY,10021,0,1,0,0,0,0,0,0,0,0,0,1,0,0,0,0,59
587,"['15', 'Broad', 'St', 'APT', '712']",1990000,1,2,2025,2020,1,8,1,0,0,0,0,0,0,0,0,1,NY,10005,0,1,0,0,0,0,0,0,0,0,0,0,1,0,0,1,106
588,"['445', 'W', '19th', 'St', 'APT', '4C']",900000,1,1,600,2020,1,8,1,0,0,0,0,0,0,0,0,0,NY,10011,0,1,0,0,0,0,0,0,0,0,0,1,0,0,0,0,33
589,"['140', 'E', '40th', 'St', 'APT', '3D']",535000,1,1,650,2020,1,8,1,0,0,0,0,0,0,0,0,0,NY,10016,0,1,0,0,0,0,0,0,0,0,0,1,0,0,0,0,89
590,"['315', 'E', '68th', 'St', 'APT', '16R']",750000,1,1,800,2020,1,8,1,0,0,0,1,1,0,0,0,1,NY,10065,0,1,0,0,0,0,0,0,0,0,0,0,0,0,0,1,89
591,"['424', 'E', '77th', 'St', 'APT', '5C']",355000,1,1,400,2020,1,8,1,0,0,0,0,0,0,0,0,0,NY,10075,0,1,0,0,0,0,0,0,0,0,0,1,0,0,0,0,110
592,"['41', 'E', '28th', 'St', 'APT', '3A']",1800000,2,2,1300,2020,1,7,1,0,0,0,0,0,0,0,0,1,NY,10016,0,1,0,0,0,0,0,0,0,0,0,0,0,1,0,0,110
593,"['242', 'E', '19th', 'St', 'APT', '11D']",1070000,1,1,900,2020,1,7,1,0,0,0,0,0,0,0,1,1,NY,10003,0,1,0,0,0,0,0,0,0,0,0,0,0,1,0,0,91
594,"['505', 'Greenwich', 'St', 'APT', '7B']",2240000,2,2,1279,2020,1,7,1,0,0,0,0,1,0,0,0,1,NY,10013,0,1,0,0,0,0,0,0,0,0,0,1,0,0,0,0,17
595,"['421', 'E', '13th', 'St', '5G']",965000,1,1,700,2020,1,7,1,0,0,0,0,0,0,0,0,0,NY,10009,0,0,0,1,0,0,0,0,0,0,0,0,0,1,0,0,12
596,"['330', 'E', '83rd', 'St', 'APT', '5E']",390000,1,1,361,2020,1,3,1,0,0,0,0,0,0,0,0,0,NY,10028,0,1,0,0,0,0,0,0,0,0,1,1,0,0,0,0,95
597,"['411', 'E', '57th', 'St', 'APT', '4G']",605000,1,1,800,2020,1,3,1,0,0,0,0,0,0,0,0,1,NY,10022,0,1,0,0,0,0,0,0,0,0,0,1,0,0,0,0,61
598,"['100', 'W', '39th', 'St', 'APT', '36H']",999000,2,1,922,2020,1,3,1,0,0,0,1,0,0,0,0,1,NY,10018,0,1,0,0,0,0,0,0,0,0,0,1,0,0,0,0,16
599,"['400', 'Central', 'Park', 'W', 'APT', '14V']",785000,1,1,702,2020,1,2,1,0,0,0,0,0,0,0,0,0,NY,10025,0,1,0,0,0,0,0,0,0,0,0,1,0,0,0,0,59
600,"['38', 'Gramercy', 'Park', 'N']",19004,1,1,21339,2020,1,2,1,0,0,0,1,1,0,0,1,1,NY,10010,0,1,0,0,0,0,0,0,0,0,0,0,0,0,0,1,100
601,"['100', 'Riverside', 'Blvd', 'APT', '20A']",995000,1,1,914,2020,1,2,1,0,0,0,0,0,0,0,0,1,NY,10069,0,1,0,0,0,0,0,0,0,0,0,1,0,0,0,0,13
602,"['200', 'Riverside', 'Blvd', 'APT', '408']",810000,1,1,675,2020,1,2,1,0,0,0,0,0,0,0,0,1,NY,10069,0,0,0,1,0,0,0,0,0,0,0,1,1,0,0,0,23
603,"['1619', '3rd', 'Ave', 'APT', '24H']",1250000,2,2,1161,2019,12,31,1,0,0,0,0,0,0,0,0,1,NY,10128,0,1,0,0,0,0,0,0,0,0,0,0,0,1,0,0,45
604,"['155', 'E', '34th', 'St', 'APT', '6J']",615000,1,1,569,2019,12,31,1,0,0,0,1,0,0,0,0,1,NY,10016,0,1,0,0,0,0,0,0,1,0,0,1,0,0,0,0,59
605,"['80', 'Park', 'Ave', 'APT', '19G']",1400000,2,2,984,2019,12,31,1,0,0,0,0,0,0,0,1,1,NY,10016,0,1,0,0,0,0,0,0,0,0,0,0,0,1,0,0,64
606,"['45', 'Overlook', 'Ter', '3A']",555000,2,1,800,2020,6,5,0,1,0,0,1,1,0,0,0,1,NY,10033,0,1,0,0,0,0,0,0,0,0,0,0,0,0,0,1,52
